<Anims>
 <anim name="idle" root="carpetfur" numframes="1000" framerate="40">
  <frame idx="0" w="36" h="528" x="10.960052" y="-108.599899">
   <element name="carpetfur" layername="timeline_0" frame="0" z_index="1" m_a="0.763126" m_b="0.646250" m_c="-0.646250" m_d="0.763126" m_tx="-1.000000" m_ty="-245.000000"/>
  </frame>
  <frame idx="25" w="36" h="528" x="10.960052" y="-108.599899">
   <element name="carpetfur" layername="timeline_0" frame="0" z_index="1" m_a="0.763126" m_b="0.646250" m_c="-0.646250" m_d="0.763126" m_tx="-1.000000" m_ty="-245.000000"/>
  </frame>
  <frame idx="50" w="36" h="528" x="10.960052" y="-108.599899">
   <element name="carpetfur" layername="timeline_0" frame="0" z_index="1" m_a="0.763126" m_b="0.646250" m_c="-0.646250" m_d="0.763126" m_tx="-1.000000" m_ty="-245.000000"/>
  </frame>
  <frame idx="75" w="36" h="528" x="10.960052" y="-108.599899">
   <element name="carpetfur" layername="timeline_0" frame="0" z_index="1" m_a="0.763126" m_b="0.646250" m_c="-0.646250" m_d="0.763126" m_tx="-1.000000" m_ty="-245.000000"/>
  </frame>
  <frame idx="100" w="36" h="528" x="10.960052" y="-108.599899">
   <element name="carpetfur" layername="timeline_0" frame="0" z_index="1" m_a="0.763126" m_b="0.646250" m_c="-0.646250" m_d="0.763126" m_tx="-1.000000" m_ty="-245.000000"/>
  </frame>
  <frame idx="125" w="36" h="528" x="10.960052" y="-108.599899">
   <element name="carpetfur" layername="timeline_0" frame="0" z_index="1" m_a="0.763126" m_b="0.646250" m_c="-0.646250" m_d="0.763126" m_tx="-1.000000" m_ty="-245.000000"/>
  </frame>
  <frame idx="150" w="36" h="528" x="10.960052" y="-108.599899">
   <element name="carpetfur" layername="timeline_0" frame="0" z_index="1" m_a="0.763126" m_b="0.646250" m_c="-0.646250" m_d="0.763126" m_tx="-1.000000" m_ty="-245.000000"/>
  </frame>
  <frame idx="175" w="36" h="528" x="10.960052" y="-108.599899">
   <element name="carpetfur" layername="timeline_0" frame="0" z_index="1" m_a="0.763126" m_b="0.646250" m_c="-0.646250" m_d="0.763126" m_tx="-1.000000" m_ty="-245.000000"/>
  </frame>
  <frame idx="200" w="36" h="528" x="10.960052" y="-108.599899">
   <element name="carpetfur" layername="timeline_0" frame="0" z_index="1" m_a="0.763126" m_b="0.646250" m_c="-0.646250" m_d="0.763126" m_tx="-1.000000" m_ty="-245.000000"/>
  </frame>
  <frame idx="225" w="36" h="528" x="10.960052" y="-108.599899">
   <element name="carpetfur" layername="timeline_0" frame="0" z_index="1" m_a="0.763126" m_b="0.646250" m_c="-0.646250" m_d="0.763126" m_tx="-1.000000" m_ty="-245.000000"/>
  </frame>
  <frame idx="250" w="36" h="528" x="10.960052" y="-108.599899">
   <element name="carpetfur" layername="timeline_0" frame="0" z_index="1" m_a="0.763126" m_b="0.646250" m_c="-0.646250" m_d="0.763126" m_tx="-1.000000" m_ty="-245.000000"/>
  </frame>
  <frame idx="275" w="36" h="528" x="10.960052" y="-108.599899">
   <element name="carpetfur" layername="timeline_0" frame="0" z_index="1" m_a="0.763126" m_b="0.646250" m_c="-0.646250" m_d="0.763126" m_tx="-1.000000" m_ty="-245.000000"/>
  </frame>
  <frame idx="300" w="36" h="528" x="10.960052" y="-108.599899">
   <element name="carpetfur" layername="timeline_0" frame="0" z_index="1" m_a="0.763126" m_b="0.646250" m_c="-0.646250" m_d="0.763126" m_tx="-1.000000" m_ty="-245.000000"/>
  </frame>
  <frame idx="325" w="36" h="528" x="10.960052" y="-108.599899">
   <element name="carpetfur" layername="timeline_0" frame="0" z_index="1" m_a="0.763126" m_b="0.646250" m_c="-0.646250" m_d="0.763126" m_tx="-1.000000" m_ty="-245.000000"/>
  </frame>
  <frame idx="350" w="36" h="528" x="10.960052" y="-108.599899">
   <element name="carpetfur" layername="timeline_0" frame="0" z_index="1" m_a="0.763126" m_b="0.646250" m_c="-0.646250" m_d="0.763126" m_tx="-1.000000" m_ty="-245.000000"/>
  </frame>
  <frame idx="375" w="36" h="528" x="10.960052" y="-108.599899">
   <element name="carpetfur" layername="timeline_0" frame="0" z_index="1" m_a="0.763126" m_b="0.646250" m_c="-0.646250" m_d="0.763126" m_tx="-1.000000" m_ty="-245.000000"/>
  </frame>
  <frame idx="400" w="36" h="528" x="10.960052" y="-108.599899">
   <element name="carpetfur" layername="timeline_0" frame="0" z_index="1" m_a="0.763126" m_b="0.646250" m_c="-0.646250" m_d="0.763126" m_tx="-1.000000" m_ty="-245.000000"/>
  </frame>
  <frame idx="425" w="36" h="528" x="10.960052" y="-108.599899">
   <element name="carpetfur" layername="timeline_0" frame="0" z_index="1" m_a="0.763126" m_b="0.646250" m_c="-0.646250" m_d="0.763126" m_tx="-1.000000" m_ty="-245.000000"/>
  </frame>
  <frame idx="450" w="36" h="528" x="10.960052" y="-108.599899">
   <element name="carpetfur" layername="timeline_0" frame="0" z_index="1" m_a="0.763126" m_b="0.646250" m_c="-0.646250" m_d="0.763126" m_tx="-1.000000" m_ty="-245.000000"/>
  </frame>
  <frame idx="475" w="36" h="528" x="10.960052" y="-108.599899">
   <element name="carpetfur" layername="timeline_0" frame="0" z_index="1" m_a="0.763126" m_b="0.646250" m_c="-0.646250" m_d="0.763126" m_tx="-1.000000" m_ty="-245.000000"/>
  </frame>
  <frame idx="500" w="36" h="528" x="10.960052" y="-108.599899">
   <element name="carpetfur" layername="timeline_0" frame="0" z_index="1" m_a="0.763126" m_b="0.646250" m_c="-0.646250" m_d="0.763126" m_tx="-1.000000" m_ty="-245.000000"/>
  </frame>
  <frame idx="525" w="36" h="528" x="10.960052" y="-108.599899">
   <element name="carpetfur" layername="timeline_0" frame="0" z_index="1" m_a="0.763126" m_b="0.646250" m_c="-0.646250" m_d="0.763126" m_tx="-1.000000" m_ty="-245.000000"/>
  </frame>
  <frame idx="550" w="36" h="528" x="10.960052" y="-108.599899">
   <element name="carpetfur" layername="timeline_0" frame="0" z_index="1" m_a="0.763126" m_b="0.646250" m_c="-0.646250" m_d="0.763126" m_tx="-1.000000" m_ty="-245.000000"/>
  </frame>
  <frame idx="575" w="36" h="528" x="10.960052" y="-108.599899">
   <element name="carpetfur" layername="timeline_0" frame="0" z_index="1" m_a="0.763126" m_b="0.646250" m_c="-0.646250" m_d="0.763126" m_tx="-1.000000" m_ty="-245.000000"/>
  </frame>
  <frame idx="600" w="36" h="528" x="10.960052" y="-108.599899">
   <element name="carpetfur" layername="timeline_0" frame="0" z_index="1" m_a="0.763126" m_b="0.646250" m_c="-0.646250" m_d="0.763126" m_tx="-1.000000" m_ty="-245.000000"/>
  </frame>
  <frame idx="625" w="36" h="528" x="10.960052" y="-108.599899">
   <element name="carpetfur" layername="timeline_0" frame="0" z_index="1" m_a="0.763126" m_b="0.646250" m_c="-0.646250" m_d="0.763126" m_tx="-1.000000" m_ty="-245.000000"/>
  </frame>
  <frame idx="650" w="36" h="528" x="10.960052" y="-108.599899">
   <element name="carpetfur" layername="timeline_0" frame="0" z_index="1" m_a="0.763126" m_b="0.646250" m_c="-0.646250" m_d="0.763126" m_tx="-1.000000" m_ty="-245.000000"/>
  </frame>
  <frame idx="675" w="36" h="528" x="10.960052" y="-108.599899">
   <element name="carpetfur" layername="timeline_0" frame="0" z_index="1" m_a="0.763126" m_b="0.646250" m_c="-0.646250" m_d="0.763126" m_tx="-1.000000" m_ty="-245.000000"/>
  </frame>
  <frame idx="700" w="36" h="528" x="10.960052" y="-108.599899">
   <element name="carpetfur" layername="timeline_0" frame="0" z_index="1" m_a="0.763126" m_b="0.646250" m_c="-0.646250" m_d="0.763126" m_tx="-1.000000" m_ty="-245.000000"/>
  </frame>
  <frame idx="725" w="36" h="528" x="10.960052" y="-108.599899">
   <element name="carpetfur" layername="timeline_0" frame="0" z_index="1" m_a="0.763126" m_b="0.646250" m_c="-0.646250" m_d="0.763126" m_tx="-1.000000" m_ty="-245.000000"/>
  </frame>
  <frame idx="750" w="36" h="528" x="10.960052" y="-108.599899">
   <element name="carpetfur" layername="timeline_0" frame="0" z_index="1" m_a="0.763126" m_b="0.646250" m_c="-0.646250" m_d="0.763126" m_tx="-1.000000" m_ty="-245.000000"/>
  </frame>
  <frame idx="775" w="36" h="528" x="10.960052" y="-108.599899">
   <element name="carpetfur" layername="timeline_0" frame="0" z_index="1" m_a="0.763126" m_b="0.646250" m_c="-0.646250" m_d="0.763126" m_tx="-1.000000" m_ty="-245.000000"/>
  </frame>
  <frame idx="800" w="36" h="528" x="10.960052" y="-108.599899">
   <element name="carpetfur" layername="timeline_0" frame="0" z_index="1" m_a="0.763126" m_b="0.646250" m_c="-0.646250" m_d="0.763126" m_tx="-1.000000" m_ty="-245.000000"/>
  </frame>
  <frame idx="825" w="36" h="528" x="10.960052" y="-108.599899">
   <element name="carpetfur" layername="timeline_0" frame="0" z_index="1" m_a="0.763126" m_b="0.646250" m_c="-0.646250" m_d="0.763126" m_tx="-1.000000" m_ty="-245.000000"/>
  </frame>
  <frame idx="850" w="36" h="528" x="10.960052" y="-108.599899">
   <element name="carpetfur" layername="timeline_0" frame="0" z_index="1" m_a="0.763126" m_b="0.646250" m_c="-0.646250" m_d="0.763126" m_tx="-1.000000" m_ty="-245.000000"/>
  </frame>
  <frame idx="875" w="36" h="528" x="10.960052" y="-108.599899">
   <element name="carpetfur" layername="timeline_0" frame="0" z_index="1" m_a="0.763126" m_b="0.646250" m_c="-0.646250" m_d="0.763126" m_tx="-1.000000" m_ty="-245.000000"/>
  </frame>
  <frame idx="900" w="36" h="528" x="10.960052" y="-108.599899">
   <element name="carpetfur" layername="timeline_0" frame="0" z_index="1" m_a="0.763126" m_b="0.646250" m_c="-0.646250" m_d="0.763126" m_tx="-1.000000" m_ty="-245.000000"/>
  </frame>
  <frame idx="925" w="36" h="528" x="10.960052" y="-108.599899">
   <element name="carpetfur" layername="timeline_0" frame="0" z_index="1" m_a="0.763126" m_b="0.646250" m_c="-0.646250" m_d="0.763126" m_tx="-1.000000" m_ty="-245.000000"/>
  </frame>
  <frame idx="950" w="36" h="528" x="10.960052" y="-108.599899">
   <element name="carpetfur" layername="timeline_0" frame="0" z_index="1" m_a="0.763126" m_b="0.646250" m_c="-0.646250" m_d="0.763126" m_tx="-1.000000" m_ty="-245.000000"/>
  </frame>
  <frame idx="975" w="36" h="528" x="10.960052" y="-108.599899">
   <element name="carpetfur" layername="timeline_0" frame="0" z_index="1" m_a="0.763126" m_b="0.646250" m_c="-0.646250" m_d="0.763126" m_tx="-1.000000" m_ty="-245.000000"/>
  </frame>
 </anim>
</Anims>
