<Anims>
 <anim name="blueamulet_90s" root="torso_opalamulet" numframes="50" framerate="40">
  <frame idx="0" w="92" h="162" x="-8.423465" y="-48.498501">
   <element name="opalamulet" layername="blueamulet" frame="0" z_index="1" m_a="1.000000" m_b="0.000000" m_c="0.000000" m_d="1.000000" m_tx="-0.449000" m_ty="-0.299000"/>
  </frame>
  <frame idx="25" w="92" h="162" x="-8.423465" y="-48.498501">
   <element name="opalamulet" layername="blueamulet" frame="0" z_index="1" m_a="1.000000" m_b="0.000000" m_c="0.000000" m_d="1.000000" m_tx="-0.449000" m_ty="-0.299000"/>
  </frame>
 </anim>
</Anims>
