<Anims>
 <anim name="idle_start" root="opalamulet_fx" numframes="1000" framerate="40">
  <frame idx="0" w="2" h="3" x="1.211199" y="-0.499057">
   <element name="symbol0" layername="opalamulet_fx" frame="0" z_index="4" m_a="-0.000006" m_b="0.000008" m_c="-0.000008" m_d="-0.000006" m_tx="1.721089" m_ty="0.000943"/>
  </frame>
  <frame idx="25" w="31" h="4" x="-26.142557" y="-0.499081">
   <element name="symbol0" layername="opalamulet_fx" frame="0" z_index="4" m_a="-0.017216" m_b="0.018141" m_c="-0.018141" m_d="-0.017216" m_tx="1.678062" m_ty="0.000919"/>
  </frame>
  <frame idx="50" w="61" h="2" x="-53.483047" y="-0.597662">
   <element name="symbol0" layername="opalamulet_fx" frame="0" z_index="4" m_a="-0.036575" m_b="0.034106" m_c="-0.034106" m_d="-0.036575" m_tx="1.635035" m_ty="0.000896"/>
  </frame>
  <frame idx="75" w="90" h="8" x="-80.032692" y="-6.545388">
   <element name="symbol0" layername="opalamulet_fx" frame="0" z_index="4" m_a="-0.057879" m_b="0.047712" m_c="-0.047712" m_d="-0.057879" m_tx="1.592007" m_ty="0.000872"/>
  </frame>
  <frame idx="100" w="119" h="17" x="-106.515373" y="-15.482873">
   <element name="symbol0" layername="opalamulet_fx" frame="0" z_index="4" m_a="-0.080909" m_b="0.058784" m_c="-0.058784" m_d="-0.080909" m_tx="1.548980" m_ty="0.000849"/>
  </frame>
  <frame idx="125" w="147" h="32" x="-132.158173" y="-28.355457">
   <element name="symbol0" layername="opalamulet_fx" frame="0" z_index="4" m_a="-0.105431" m_b="0.067167" m_c="-0.067167" m_d="-0.105431" m_tx="1.505953" m_ty="0.000825"/>
  </frame>
  <frame idx="150" w="173" h="48" x="-156.193100" y="-43.586395">
   <element name="symbol0" layername="opalamulet_fx" frame="0" z_index="4" m_a="-0.131200" m_b="0.072726" m_c="-0.072726" m_d="-0.131200" m_tx="1.462926" m_ty="0.000802"/>
  </frame>
  <frame idx="175" w="197" h="69" x="-178.858734" y="-62.577122">
   <element name="symbol0" layername="opalamulet_fx" frame="0" z_index="4" m_a="-0.157960" m_b="0.075343" m_c="-0.075343" m_d="-0.157960" m_tx="1.419898" m_ty="0.000778"/>
  </frame>
  <frame idx="200" w="220" h="93" x="-199.901825" y="-84.208061">
   <element name="symbol0" layername="opalamulet_fx" frame="0" z_index="4" m_a="-0.185444" m_b="0.074924" m_c="-0.074924" m_d="-0.185444" m_tx="1.376871" m_ty="0.000754"/>
  </frame>
  <frame idx="225" w="241" h="119" x="-219.079041" y="-108.339005">
   <element name="symbol0" layername="opalamulet_fx" frame="0" z_index="4" m_a="-0.213380" m_b="0.071396" m_c="-0.071396" m_d="-0.213380" m_tx="1.333844" m_ty="0.000731"/>
  </frame>
  <frame idx="250" w="3693" h="5937" x="-521.658386" y="-5430.129395">
   <element name="symbol0" layername="opalamulet_fx" frame="0" z_index="4" m_a="-0.241489" m_b="0.064707" m_c="-0.064707" m_d="-0.241489" m_tx="1.290817" m_ty="0.000707"/>
   <element name="symbol0" layername="opalamuletback_fx" frame="1" z_index="3" m_a="-1.488210" m_b="-5.554073" m_c="5.554073" m_d="-1.488210" m_tx="1.721076" m_ty="0.000932"/>
  </frame>
  <frame idx="275" w="3783" h="5295" x="-541.920654" y="-4842.456055">
   <element name="symbol0" layername="opalamulet_fx" frame="0" z_index="4" m_a="-0.269486" m_b="0.054828" m_c="-0.054828" m_d="-0.269486" m_tx="1.247790" m_ty="0.000684"/>
   <element name="symbol0" layername="opalamuletback_fx" frame="1" z_index="3" m_a="-1.061635" m_b="-5.218099" m_c="5.218099" m_d="-1.061635" m_tx="1.721076" m_ty="0.000932"/>
  </frame>
  <frame idx="300" w="3806" h="4667" x="-554.161133" y="-4267.690430">
   <element name="symbol0" layername="opalamulet_fx" frame="0" z_index="4" m_a="-0.297087" m_b="0.041753" m_c="-0.041753" m_d="-0.297087" m_tx="1.204762" m_ty="0.000660"/>
   <element name="symbol0" layername="opalamuletback_fx" frame="1" z_index="3" m_a="-0.681949" m_b="-4.852313" m_c="4.852313" m_d="-0.681949" m_tx="1.721076" m_ty="0.000932"/>
  </frame>
  <frame idx="325" w="3763" h="4060" x="-558.190491" y="-3711.347412">
   <element name="symbol0" layername="opalamulet_fx" frame="0" z_index="4" m_a="-0.324005" m_b="0.025500" m_c="-0.025500" m_d="-0.324005" m_tx="1.161735" m_ty="0.000637"/>
   <element name="symbol0" layername="opalamuletback_fx" frame="1" z_index="3" m_a="-0.351105" m_b="-4.461205" m_c="4.461205" m_d="-0.351105" m_tx="1.721076" m_ty="0.000932"/>
  </frame>
  <frame idx="350" w="3657" h="3477" x="-553.836548" y="-3177.764160">
   <element name="symbol0" layername="opalamulet_fx" frame="0" z_index="4" m_a="-0.349953" m_b="0.006108" m_c="-0.006108" m_d="-0.349953" m_tx="1.118708" m_ty="0.000613"/>
   <element name="symbol0" layername="opalamuletback_fx" frame="1" z_index="3" m_a="-0.070683" m_b="-4.049384" m_c="4.049384" m_d="-0.070683" m_tx="1.721076" m_ty="0.000932"/>
  </frame>
  <frame idx="375" w="3490" h="2924" x="-541.445190" y="-2671.577148">
   <element name="symbol0" layername="opalamulet_fx" frame="0" z_index="4" m_a="-0.374649" m_b="-0.016358" m_c="0.016358" m_d="-0.374649" m_tx="1.075681" m_ty="0.000589"/>
   <element name="symbol0" layername="opalamuletback_fx" frame="1" z_index="3" m_a="0.158120" m_b="-3.621550" m_c="3.621550" m_d="0.158120" m_tx="1.721076" m_ty="0.000932"/>
  </frame>
  <frame idx="400" w="3266" h="2405" x="-521.381226" y="-2196.697021">
   <element name="symbol0" layername="opalamulet_fx" frame="0" z_index="4" m_a="-0.397815" m_b="-0.041812" m_c="0.041812" m_d="-0.397815" m_tx="1.032653" m_ty="0.000566"/>
   <element name="symbol0" layername="opalamuletback_fx" frame="1" z_index="3" m_a="0.334491" m_b="-3.182470" m_c="3.182470" m_d="0.334491" m_tx="1.721076" m_ty="0.000932"/>
  </frame>
  <frame idx="425" w="2988" h="1925" x="-493.030090" y="-1757.785522">
   <element name="symbol0" layername="opalamulet_fx" frame="0" z_index="4" m_a="-0.419177" m_b="-0.070146" m_c="0.070146" m_d="-0.419177" m_tx="0.989626" m_ty="0.000542"/>
   <element name="symbol0" layername="opalamuletback_fx" frame="1" z_index="3" m_a="0.458007" m_b="-2.736943" m_c="2.736943" m_d="0.458007" m_tx="1.721076" m_ty="0.000932"/>
  </frame>
  <frame idx="450" w="2661" h="1488" x="-457.797852" y="-1358.233887">
   <element name="symbol0" layername="opalamulet_fx" frame="0" z_index="4" m_a="-0.438472" m_b="-0.101229" m_c="0.101229" m_d="-0.438472" m_tx="0.946599" m_ty="0.000519"/>
   <element name="symbol0" layername="opalamuletback_fx" frame="1" z_index="3" m_a="0.528635" m_b="-2.289770" m_c="2.289770" m_d="0.528635" m_tx="1.721076" m_ty="0.000932"/>
  </frame>
  <frame idx="475" w="2288" h="1098" x="-415.112457" y="-1001.643555">
   <element name="symbol0" layername="opalamulet_fx" frame="0" z_index="4" m_a="-0.455444" m_b="-0.134909" m_c="0.134909" m_d="-0.455444" m_tx="0.903572" m_ty="0.000495"/>
   <element name="symbol0" layername="opalamuletback_fx" frame="1" z_index="3" m_a="0.546730" m_b="-1.845728" m_c="1.845728" m_d="0.546730" m_tx="1.721076" m_ty="0.000932"/>
  </frame>
  <frame idx="500" w="1874" h="759" x="-365.424683" y="-691.308655">
   <element name="symbol0" layername="opalamulet_fx" frame="0" z_index="4" m_a="-0.469851" m_b="-0.171012" m_c="0.171012" m_d="-0.469851" m_tx="0.860545" m_ty="0.000472"/>
   <element name="symbol0" layername="opalamuletback_fx" frame="1" z_index="3" m_a="0.513030" m_b="-1.409539" m_c="1.409539" m_d="0.513030" m_tx="1.721076" m_ty="0.000932"/>
  </frame>
  <frame idx="525" w="1765" h="608" x="-337.707733" y="-553.107544">
   <element name="symbol0" layername="opalamulet_fx" frame="0" z_index="4" m_a="-0.481461" m_b="-0.209345" m_c="0.209345" m_d="-0.481461" m_tx="0.817517" m_ty="0.000448"/>
   <element name="symbol0" layername="opalamuletback_fx" frame="1" z_index="3" m_a="0.551757" m_b="-1.268955" m_c="1.268955" m_d="0.551757" m_tx="1.721076" m_ty="0.000932"/>
  </frame>
  <frame idx="550" w="1640" h="627" x="-304.958862" y="-571.033081">
   <element name="symbol0" layername="opalamulet_fx" frame="0" z_index="4" m_a="-0.490058" m_b="-0.249697" m_c="0.249697" m_d="-0.490058" m_tx="0.774490" m_ty="0.000424"/>
   <element name="symbol0" layername="opalamuletback_fx" frame="1" z_index="3" m_a="0.575407" m_b="-1.129299" m_c="1.129299" m_d="0.575407" m_tx="1.721076" m_ty="0.000932"/>
  </frame>
  <frame idx="575" w="1500" h="666" x="-267.198364" y="-607.437073">
   <element name="symbol0" layername="opalamulet_fx" frame="0" z_index="4" m_a="-0.495440" m_b="-0.291837" m_c="0.291837" m_d="-0.495440" m_tx="0.731463" m_ty="0.000401"/>
   <element name="symbol0" layername="opalamuletback_fx" frame="1" z_index="3" m_a="0.584259" m_b="-0.991876" m_c="0.991876" m_d="0.584259" m_tx="1.721076" m_ty="0.000932"/>
  </frame>
  <frame idx="600" w="1348" h="705" x="-225.470947" y="-643.038147">
   <element name="symbol0" layername="opalamulet_fx" frame="0" z_index="4" m_a="-0.497426" m_b="-0.335518" m_c="0.335518" m_d="-0.497426" m_tx="0.688436" m_ty="0.000377"/>
   <element name="symbol0" layername="opalamuletback_fx" frame="1" z_index="3" m_a="0.578700" m_b="-0.857957" m_c="0.857957" m_d="0.578700" m_tx="1.721076" m_ty="0.000932"/>
  </frame>
  <frame idx="625" w="1184" h="741" x="-179.344772" y="-676.536133">
   <element name="symbol0" layername="opalamulet_fx" frame="0" z_index="4" m_a="-0.495849" m_b="-0.380478" m_c="0.380478" m_d="-0.495849" m_tx="0.645408" m_ty="0.000354"/>
   <element name="symbol0" layername="opalamuletback_fx" frame="1" z_index="3" m_a="0.559211" m_b="-0.728778" m_c="0.728778" m_d="0.559211" m_tx="1.721076" m_ty="0.000932"/>
  </frame>
  <frame idx="650" w="1009" h="775" x="-128.912170" y="-708.134827">
   <element name="symbol0" layername="opalamulet_fx" frame="0" z_index="4" m_a="-0.490564" m_b="-0.426441" m_c="0.426441" m_d="-0.490564" m_tx="0.602381" m_ty="0.000330"/>
   <element name="symbol0" layername="opalamuletback_fx" frame="1" z_index="3" m_a="0.526373" m_b="-0.605523" m_c="0.605523" m_d="0.526373" m_tx="1.721076" m_ty="0.000932"/>
  </frame>
  <frame idx="675" w="826" h="806" x="-74.288483" y="-737.043518">
   <element name="symbol0" layername="opalamulet_fx" frame="0" z_index="4" m_a="-0.481446" m_b="-0.473116" m_c="0.473116" m_d="-0.481446" m_tx="0.559354" m_ty="0.000306"/>
   <element name="symbol0" layername="opalamuletback_fx" frame="1" z_index="3" m_a="0.480856" m_b="-0.489323" m_c="0.489323" m_d="0.480856" m_tx="1.721076" m_ty="0.000932"/>
  </frame>
  <frame idx="700" w="680" h="871" x="-56.483673" y="-766.478821">
   <element name="symbol0" layername="opalamulet_fx" frame="0" z_index="4" m_a="-0.468393" m_b="-0.520204" m_c="0.520204" m_d="-0.468393" m_tx="0.516327" m_ty="0.000283"/>
   <element name="symbol0" layername="opalamuletback_fx" frame="1" z_index="3" m_a="0.423420" m_b="-0.381249" m_c="0.381249" m_d="0.423420" m_tx="1.721076" m_ty="0.000932"/>
  </frame>
  <frame idx="725" w="615" h="929" x="-51.026699" y="-792.166687">
   <element name="symbol0" layername="opalamulet_fx" frame="0" z_index="4" m_a="-0.451325" m_b="-0.567393" m_c="0.567393" m_d="-0.451325" m_tx="0.473299" m_ty="0.000259"/>
   <element name="symbol0" layername="opalamuletback_fx" frame="1" z_index="3" m_a="0.405034" m_b="-0.322179" m_c="0.322179" m_d="0.405034" m_tx="1.721076" m_ty="0.000932"/>
  </frame>
  <frame idx="750" w="660" h="998" x="-54.569729" y="-816.343689">
   <element name="symbol0" layername="opalamulet_fx" frame="0" z_index="4" m_a="-0.430184" m_b="-0.614366" m_c="0.614366" m_d="-0.430184" m_tx="0.430272" m_ty="0.000236"/>
   <element name="symbol0" layername="opalamuletback_fx" frame="1" z_index="3" m_a="0.459875" m_b="-0.322008" m_c="0.322008" m_d="0.459875" m_tx="1.721076" m_ty="0.000932"/>
  </frame>
  <frame idx="775" w="702" h="1067" x="-58.112755" y="-836.759155">
   <element name="symbol0" layername="opalamulet_fx" frame="0" z_index="4" m_a="-0.404938" m_b="-0.660798" m_c="0.660798" m_d="-0.404938" m_tx="0.387245" m_ty="0.000212"/>
   <element name="symbol0" layername="opalamuletback_fx" frame="1" z_index="3" m_a="0.516072" m_b="-0.316249" m_c="0.316249" m_d="0.516072" m_tx="1.721076" m_ty="0.000932"/>
  </frame>
  <frame idx="800" w="741" h="1139" x="-61.655781" y="-854.176331">
   <element name="symbol0" layername="opalamulet_fx" frame="0" z_index="4" m_a="-0.375578" m_b="-0.706360" m_c="0.706360" m_d="-0.375578" m_tx="0.344218" m_ty="0.000189"/>
   <element name="symbol0" layername="opalamuletback_fx" frame="1" z_index="3" m_a="0.573141" m_b="-0.304745" m_c="0.304745" m_d="0.573141" m_tx="1.721076" m_ty="0.000932"/>
  </frame>
  <frame idx="825" w="775" h="1211" x="-64.698807" y="-867.874084">
   <element name="symbol0" layername="opalamulet_fx" frame="0" z_index="4" m_a="-0.342123" m_b="-0.750720" m_c="0.750720" m_d="-0.342123" m_tx="0.301191" m_ty="0.000165"/>
   <element name="symbol0" layername="opalamuletback_fx" frame="1" z_index="3" m_a="0.630587" m_b="-0.287375" m_c="0.287375" m_d="0.630587" m_tx="1.721076" m_ty="0.000932"/>
  </frame>
  <frame idx="850" w="803" h="1283" x="-66.741837" y="-877.648865">
   <element name="symbol0" layername="opalamulet_fx" frame="0" z_index="4" m_a="-0.304613" m_b="-0.793545" m_c="0.793545" m_d="-0.304613" m_tx="0.258163" m_ty="0.000141"/>
   <element name="symbol0" layername="opalamuletback_fx" frame="1" z_index="3" m_a="0.687901" m_b="-0.264061" m_c="0.264061" m_d="0.687901" m_tx="1.721076" m_ty="0.000932"/>
  </frame>
  <frame idx="875" w="826" h="1355" x="-68.784866" y="-883.315247">
   <element name="symbol0" layername="opalamulet_fx" frame="0" z_index="4" m_a="-0.263118" m_b="-0.834504" m_c="0.834504" m_d="-0.263118" m_tx="0.215136" m_ty="0.000118"/>
   <element name="symbol0" layername="opalamuletback_fx" frame="1" z_index="3" m_a="0.744568" m_b="-0.234762" m_c="0.234762" m_d="0.744568" m_tx="1.721076" m_ty="0.000932"/>
  </frame>
  <frame idx="900" w="843" h="1426" x="-70.368195" y="-884.707886">
   <element name="symbol0" layername="opalamulet_fx" frame="0" z_index="4" m_a="-0.217730" m_b="-0.873267" m_c="0.873267" m_d="-0.217730" m_tx="0.172109" m_ty="0.000094"/>
   <element name="symbol0" layername="opalamuletback_fx" frame="1" z_index="3" m_a="0.800068" m_b="-0.199479" m_c="0.199479" m_d="0.800068" m_tx="1.721076" m_ty="0.000932"/>
  </frame>
  <frame idx="925" w="854" h="1494" x="-71.510834" y="-881.182800">
   <element name="symbol0" layername="opalamulet_fx" frame="0" z_index="4" m_a="-0.168568" m_b="-0.909512" m_c="0.909512" m_d="-0.168568" m_tx="0.129082" m_ty="0.000071"/>
   <element name="symbol0" layername="opalamuletback_fx" frame="1" z_index="3" m_a="0.853879" m_b="-0.158257" m_c="0.158257" m_d="0.853879" m_tx="1.721076" m_ty="0.000932"/>
  </frame>
  <frame idx="950" w="857" h="1562" x="-71.652550" y="-873.618042">
   <element name="symbol0" layername="opalamulet_fx" frame="0" z_index="4" m_a="-0.115776" m_b="-0.942919" m_c="0.942919" m_d="-0.115776" m_tx="0.086054" m_ty="0.000047"/>
   <element name="symbol0" layername="opalamuletback_fx" frame="1" z_index="3" m_a="0.905481" m_b="-0.111179" m_c="0.111179" m_d="0.905481" m_tx="1.721076" m_ty="0.000932"/>
  </frame>
  <frame idx="975" w="854" h="1625" x="-71.792160" y="-860.415222">
   <element name="symbol0" layername="opalamulet_fx" frame="0" z_index="4" m_a="-0.059522" m_b="-0.973182" m_c="0.973182" m_d="-0.059522" m_tx="0.043027" m_ty="0.000024"/>
   <element name="symbol0" layername="opalamuletback_fx" frame="1" z_index="3" m_a="0.954357" m_b="-0.058371" m_c="0.058371" m_d="0.954357" m_tx="1.721076" m_ty="0.000932"/>
  </frame>
 </anim>
 <anim name="idle" root="opalamulet_fx" numframes="3000" framerate="40">
  <frame idx="0" w="844" h="1685" x="-70.928459" y="-842.500061">
   <element name="symbol0" layername="opalamulet_fx" frame="0" z_index="4" m_a="-0.000000" m_b="-1.000000" m_c="1.000000" m_d="-0.000000" m_tx="0.000000" m_ty="0.000000"/>
   <element name="symbol0" layername="opalamuletback_fx" frame="1" z_index="3" m_a="1.000000" m_b="0.000000" m_c="0.000000" m_d="1.000000" m_tx="1.721076" m_ty="0.000932"/>
  </frame>
  <frame idx="25" w="893" h="1601" x="-74.908859" y="-797.987183">
   <element name="symbol0" layername="opalamulet_fx" frame="0" z_index="4" m_a="0.052080" m_b="-0.998643" m_c="0.998643" m_d="0.052080" m_tx="0.000000" m_ty="0.000000"/>
   <element name="symbol0" layername="opalamuletback_fx" frame="1" z_index="3" m_a="1.006955" m_b="-0.052807" m_c="0.052807" m_d="1.006955" m_tx="1.721076" m_ty="0.000932"/>
  </frame>
  <frame idx="50" w="943" h="1512" x="-79.382751" y="-751.170532">
   <element name="symbol0" layername="opalamulet_fx" frame="0" z_index="4" m_a="0.104019" m_b="-0.994575" m_c="0.994575" m_d="0.104019" m_tx="0.000000" m_ty="0.000000"/>
   <element name="symbol0" layername="opalamuletback_fx" frame="1" z_index="3" m_a="1.011101" m_b="-0.106342" m_c="0.106342" m_d="1.011101" m_tx="1.721076" m_ty="0.000932"/>
  </frame>
  <frame idx="75" w="989" h="1419" x="-82.850098" y="-702.657349">
   <element name="symbol0" layername="opalamulet_fx" frame="0" z_index="4" m_a="0.155675" m_b="-0.987808" m_c="0.987808" m_d="0.155675" m_tx="0.000000" m_ty="0.000000"/>
   <element name="symbol0" layername="opalamuletback_fx" frame="1" z_index="3" m_a="1.012380" m_b="-0.160453" m_c="0.160453" m_d="1.012380" m_tx="1.721076" m_ty="0.000932"/>
  </frame>
  <frame idx="100" w="1034" h="1320" x="-86.810905" y="-651.558472">
   <element name="symbol0" layername="opalamulet_fx" frame="0" z_index="4" m_a="0.206909" m_b="-0.978360" m_c="0.978360" m_d="0.206909" m_tx="0.000000" m_ty="0.000000"/>
   <element name="symbol0" layername="opalamuletback_fx" frame="1" z_index="3" m_a="1.010744" m_b="-0.214987" m_c="0.214987" m_d="1.010744" m_tx="1.721076" m_ty="0.000932"/>
  </frame>
  <frame idx="125" w="1076" h="1218" x="-90.265182" y="-598.989746">
   <element name="symbol0" layername="opalamulet_fx" frame="0" z_index="4" m_a="0.257582" m_b="-0.966256" m_c="0.966256" m_d="0.257582" m_tx="0.000000" m_ty="0.000000"/>
   <element name="symbol0" layername="opalamuletback_fx" frame="1" z_index="3" m_a="1.006153" m_b="-0.269785" m_c="0.269785" m_d="1.006153" m_tx="1.721076" m_ty="0.000932"/>
  </frame>
  <frame idx="150" w="1115" h="1110" x="-93.212975" y="-544.570801">
   <element name="symbol0" layername="opalamulet_fx" frame="0" z_index="4" m_a="0.307555" m_b="-0.951530" m_c="0.951530" m_d="0.307555" m_tx="0.000000" m_ty="0.000000"/>
   <element name="symbol0" layername="opalamuletback_fx" frame="1" z_index="3" m_a="0.998574" m_b="-0.324686" m_c="0.324686" m_d="0.998574" m_tx="1.721076" m_ty="0.000932"/>
  </frame>
  <frame idx="175" w="1152" h="1000" x="-96.154327" y="-488.924774">
   <element name="symbol0" layername="opalamulet_fx" frame="0" z_index="4" m_a="0.356693" m_b="-0.934222" m_c="0.934222" m_d="0.356693" m_tx="0.000000" m_ty="0.000000"/>
   <element name="symbol0" layername="opalamuletback_fx" frame="1" z_index="3" m_a="0.987984" m_b="-0.379526" m_c="0.379526" m_d="0.987984" m_tx="1.721076" m_ty="0.000932"/>
  </frame>
  <frame idx="200" w="1187" h="885" x="-99.089333" y="-431.678345">
   <element name="symbol0" layername="opalamulet_fx" frame="0" z_index="4" m_a="0.404864" m_b="-0.914377" m_c="0.914377" m_d="0.404864" m_tx="0.000000" m_ty="0.000000"/>
   <element name="symbol0" layername="opalamuletback_fx" frame="1" z_index="3" m_a="0.974369" m_b="-0.434141" m_c="0.434141" m_d="0.974369" m_tx="1.721076" m_ty="0.000932"/>
  </frame>
  <frame idx="225" w="1220" h="767" x="-102.018082" y="-372.961121">
   <element name="symbol0" layername="opalamulet_fx" frame="0" z_index="4" m_a="0.451935" m_b="-0.892051" m_c="0.892051" m_d="0.451935" m_tx="0.000000" m_ty="0.000000"/>
   <element name="symbol0" layername="opalamuletback_fx" frame="1" z_index="3" m_a="0.957724" m_b="-0.488361" m_c="0.488361" m_d="0.957724" m_tx="1.721076" m_ty="0.000932"/>
  </frame>
  <frame idx="250" w="1248" h="646" x="-104.000000" y="-313.405426">
   <element name="symbol0" layername="opalamulet_fx" frame="0" z_index="4" m_a="0.497780" m_b="-0.867303" m_c="0.867303" m_d="0.497780" m_tx="0.000000" m_ty="0.000000"/>
   <element name="symbol0" layername="opalamuletback_fx" frame="1" z_index="3" m_a="0.938055" m_b="-0.542019" m_c="0.542019" m_d="0.938055" m_tx="1.721076" m_ty="0.000932"/>
  </frame>
  <frame idx="275" w="1274" h="522" x="-106.500000" y="-252.645523">
   <element name="symbol0" layername="opalamulet_fx" frame="0" z_index="4" m_a="0.542274" m_b="-0.840202" m_c="0.840202" m_d="0.542274" m_tx="0.000000" m_ty="0.000000"/>
   <element name="symbol0" layername="opalamuletback_fx" frame="1" z_index="3" m_a="0.915373" m_b="-0.594946" m_c="0.594946" m_d="0.915373" m_tx="1.721076" m_ty="0.000932"/>
  </frame>
  <frame idx="300" w="1295" h="395" x="-108.000000" y="-191.318024">
   <element name="symbol0" layername="opalamulet_fx" frame="0" z_index="4" m_a="0.585296" m_b="-0.810820" m_c="0.810820" m_d="0.585296" m_tx="0.000000" m_ty="0.000000"/>
   <element name="symbol0" layername="opalamuletback_fx" frame="1" z_index="3" m_a="0.889704" m_b="-0.646973" m_c="0.646973" m_d="0.889704" m_tx="1.721076" m_ty="0.000932"/>
  </frame>
  <frame idx="325" w="1314" h="267" x="-109.500000" y="-129.560760">
   <element name="symbol0" layername="opalamulet_fx" frame="0" z_index="4" m_a="0.626729" m_b="-0.779237" m_c="0.779237" m_d="0.626729" m_tx="0.000000" m_ty="0.000000"/>
   <element name="symbol0" layername="opalamuletback_fx" frame="1" z_index="3" m_a="0.861079" m_b="-0.697930" m_c="0.697930" m_d="0.861079" m_tx="1.721076" m_ty="0.000932"/>
  </frame>
  <frame idx="350" w="1330" h="137" x="-111.000000" y="-67.013062">
   <element name="symbol0" layername="opalamulet_fx" frame="0" z_index="4" m_a="0.666461" m_b="-0.745540" m_c="0.745540" m_d="0.666461" m_tx="0.000000" m_ty="0.000000"/>
   <element name="symbol0" layername="opalamuletback_fx" frame="1" z_index="3" m_a="0.829540" m_b="-0.747650" m_c="0.747650" m_d="0.829540" m_tx="1.721076" m_ty="0.000932"/>
  </frame>
  <frame idx="375" w="1342" h="9" x="-112.000000" y="-4.814568">
   <element name="symbol0" layername="opalamulet_fx" frame="0" z_index="4" m_a="0.704385" m_b="-0.709818" m_c="0.709818" m_d="0.704385" m_tx="0.000000" m_ty="0.000000"/>
   <element name="symbol0" layername="opalamuletback_fx" frame="1" z_index="3" m_a="0.795141" m_b="-0.795967" m_c="0.795967" m_d="0.795141" m_tx="1.721076" m_ty="0.000932"/>
  </frame>
  <frame idx="400" w="1350" h="129" x="-112.500000" y="-69.869888">
   <element name="symbol0" layername="opalamulet_fx" frame="0" z_index="4" m_a="0.740396" m_b="-0.672171" m_c="0.672171" m_d="0.740396" m_tx="0.000000" m_ty="0.000000"/>
   <element name="symbol0" layername="opalamuletback_fx" frame="1" z_index="3" m_a="0.757941" m_b="-0.842717" m_c="0.842717" m_d="0.757941" m_tx="1.721076" m_ty="0.000932"/>
  </frame>
  <frame idx="425" w="1354" h="262" x="-113.000000" y="-140.389862">
   <element name="symbol0" layername="opalamulet_fx" frame="0" z_index="4" m_a="0.774398" m_b="-0.632699" m_c="0.632699" m_d="0.774398" m_tx="0.000000" m_ty="0.000000"/>
   <element name="symbol0" layername="opalamuletback_fx" frame="1" z_index="3" m_a="0.718011" m_b="-0.887738" m_c="0.887738" m_d="0.718011" m_tx="1.721076" m_ty="0.000932"/>
  </frame>
  <frame idx="450" w="1355" h="397" x="-113.000000" y="-211.940781">
   <element name="symbol0" layername="opalamulet_fx" frame="0" z_index="4" m_a="0.806298" m_b="-0.591509" m_c="0.591509" m_d="0.806298" m_tx="0.000000" m_ty="0.000000"/>
   <element name="symbol0" layername="opalamuletback_fx" frame="1" z_index="3" m_a="0.675432" m_b="-0.930872" m_c="0.930872" m_d="0.675432" m_tx="1.721076" m_ty="0.000932"/>
  </frame>
  <frame idx="475" w="1352" h="530" x="-113.000000" y="-283.351746">
   <element name="symbol0" layername="opalamulet_fx" frame="0" z_index="4" m_a="0.836010" m_b="-0.548714" m_c="0.548714" m_d="0.836010" m_tx="0.000000" m_ty="0.000000"/>
   <element name="symbol0" layername="opalamuletback_fx" frame="1" z_index="3" m_a="0.630291" m_b="-0.971964" m_c="0.971964" m_d="0.630291" m_tx="1.721076" m_ty="0.000932"/>
  </frame>
  <frame idx="500" w="1344" h="663" x="-112.000000" y="-354.948547">
   <element name="symbol0" layername="opalamulet_fx" frame="0" z_index="4" m_a="0.863452" m_b="-0.504430" m_c="0.504430" m_d="0.863452" m_tx="0.000000" m_ty="0.000000"/>
   <element name="symbol0" layername="opalamuletback_fx" frame="1" z_index="3" m_a="0.582689" m_b="-1.010863" m_c="1.010863" m_d="0.582689" m_tx="1.721076" m_ty="0.000932"/>
  </frame>
  <frame idx="525" w="1334" h="795" x="-111.500000" y="-426.554199">
   <element name="symbol0" layername="opalamulet_fx" frame="0" z_index="4" m_a="0.888552" m_b="-0.458777" m_c="0.458777" m_d="0.888552" m_tx="0.000000" m_ty="0.000000"/>
   <element name="symbol0" layername="opalamuletback_fx" frame="1" z_index="3" m_a="0.532730" m_b="-1.047424" m_c="1.047424" m_d="0.532730" m_tx="1.721076" m_ty="0.000932"/>
  </frame>
  <frame idx="550" w="1318" h="927" x="-110.000000" y="-497.989563">
   <element name="symbol0" layername="opalamulet_fx" frame="0" z_index="4" m_a="0.911239" m_b="-0.411878" m_c="0.411878" m_d="0.911239" m_tx="0.000000" m_ty="0.000000"/>
   <element name="symbol0" layername="opalamuletback_fx" frame="1" z_index="3" m_a="0.480531" m_b="-1.081507" m_c="1.081507" m_d="0.480531" m_tx="1.721076" m_ty="0.000932"/>
  </frame>
  <frame idx="575" w="1300" h="1056" x="-108.500000" y="-568.573608">
   <element name="symbol0" layername="opalamulet_fx" frame="0" z_index="4" m_a="0.931453" m_b="-0.363862" m_c="0.363862" m_d="0.931453" m_tx="0.000000" m_ty="0.000000"/>
   <element name="symbol0" layername="opalamuletback_fx" frame="1" z_index="3" m_a="0.426214" m_b="-1.112976" m_c="1.112976" m_d="0.426214" m_tx="1.721076" m_ty="0.000932"/>
  </frame>
  <frame idx="600" w="1276" h="1184" x="-106.500000" y="-639.123657">
   <element name="symbol0" layername="opalamulet_fx" frame="0" z_index="4" m_a="0.949139" m_b="-0.314858" m_c="0.314858" m_d="0.949139" m_tx="0.000000" m_ty="0.000000"/>
   <element name="symbol0" layername="opalamuletback_fx" frame="1" z_index="3" m_a="0.369913" m_b="-1.141703" m_c="1.141703" m_d="0.369913" m_tx="1.721076" m_ty="0.000932"/>
  </frame>
  <frame idx="625" w="1250" h="1308" x="-104.500000" y="-707.956970">
   <element name="symbol0" layername="opalamulet_fx" frame="0" z_index="4" m_a="0.964249" m_b="-0.264999" m_c="0.264999" m_d="0.964249" m_tx="0.000000" m_ty="0.000000"/>
   <element name="symbol0" layername="opalamuletback_fx" frame="1" z_index="3" m_a="0.311765" m_b="-1.167565" m_c="1.167565" m_d="0.311765" m_tx="1.721076" m_ty="0.000932"/>
  </frame>
  <frame idx="650" w="1218" h="1432" x="-101.500000" y="-776.390320">
   <element name="symbol0" layername="opalamulet_fx" frame="0" z_index="4" m_a="0.976741" m_b="-0.214421" m_c="0.214421" m_d="0.976741" m_tx="0.000000" m_ty="0.000000"/>
   <element name="symbol0" layername="opalamuletback_fx" frame="1" z_index="3" m_a="0.251917" m_b="-1.190448" m_c="1.190448" m_d="0.251917" m_tx="1.721076" m_ty="0.000932"/>
  </frame>
  <frame idx="675" w="1184" h="1551" x="-99.000000" y="-843.240967">
   <element name="symbol0" layername="opalamulet_fx" frame="0" z_index="4" m_a="0.986583" m_b="-0.163262" m_c="0.163262" m_d="0.986583" m_tx="0.000000" m_ty="0.000000"/>
   <element name="symbol0" layername="opalamuletback_fx" frame="1" z_index="3" m_a="0.190524" m_b="-1.210245" m_c="1.210245" m_d="0.190524" m_tx="1.721076" m_ty="0.000932"/>
  </frame>
  <frame idx="700" w="1145" h="1667" x="-95.500000" y="-908.327087">
   <element name="symbol0" layername="opalamulet_fx" frame="0" z_index="4" m_a="0.993747" m_b="-0.111659" m_c="0.111659" m_d="0.993747" m_tx="0.000000" m_ty="0.000000"/>
   <element name="symbol0" layername="opalamuletback_fx" frame="1" z_index="3" m_a="0.127745" m_b="-1.226856" m_c="1.226856" m_d="0.127745" m_tx="1.721076" m_ty="0.000932"/>
  </frame>
  <frame idx="725" w="1102" h="1780" x="-92.000000" y="-971.968384">
   <element name="symbol0" layername="opalamulet_fx" frame="0" z_index="4" m_a="0.998213" m_b="-0.059753" m_c="0.059753" m_d="0.998213" m_tx="0.000000" m_ty="0.000000"/>
   <element name="symbol0" layername="opalamuletback_fx" frame="1" z_index="3" m_a="0.063746" m_b="-1.240191" m_c="1.240191" m_d="0.063746" m_tx="1.721076" m_ty="0.000932"/>
  </frame>
  <frame idx="750" w="1056" h="1888" x="-88.000000" y="-1033.486694">
   <element name="symbol0" layername="opalamulet_fx" frame="0" z_index="4" m_a="0.999970" m_b="-0.007685" m_c="0.007685" m_d="0.999970" m_tx="0.000000" m_ty="0.000000"/>
   <element name="symbol0" layername="opalamuletback_fx" frame="1" z_index="3" m_a="-0.001299" m_b="-1.250166" m_c="1.250166" m_d="-0.001299" m_tx="1.721076" m_ty="0.000932"/>
  </frame>
  <frame idx="775" w="1006" h="1993" x="-84.000000" y="-1093.207031">
   <element name="symbol0" layername="opalamulet_fx" frame="0" z_index="4" m_a="0.999014" m_b="0.044405" m_c="-0.044405" m_d="0.999014" m_tx="0.000000" m_ty="0.000000"/>
   <element name="symbol0" layername="opalamuletback_fx" frame="1" z_index="3" m_a="-0.067215" m_b="-1.256710" m_c="1.256710" m_d="-0.067215" m_tx="1.721076" m_ty="0.000932"/>
  </frame>
  <frame idx="800" w="953" h="2091" x="-79.500000" y="-1149.956543">
   <element name="symbol0" layername="opalamulet_fx" frame="0" z_index="4" m_a="0.995345" m_b="0.096373" m_c="-0.096373" m_d="0.995345" m_tx="0.000000" m_ty="0.000000"/>
   <element name="symbol0" layername="opalamuletback_fx" frame="1" z_index="3" m_a="-0.133818" m_b="-1.259757" m_c="1.259757" m_d="-0.133818" m_tx="1.721076" m_ty="0.000932"/>
  </frame>
  <frame idx="825" w="896" h="2186" x="-75.000000" y="-1204.567627">
   <element name="symbol0" layername="opalamulet_fx" frame="0" z_index="4" m_a="0.988975" m_b="0.148080" m_c="-0.148080" m_d="0.988975" m_tx="0.000000" m_ty="0.000000"/>
   <element name="symbol0" layername="opalamuletback_fx" frame="1" z_index="3" m_a="-0.200922" m_b="-1.259255" m_c="1.259255" m_d="-0.200922" m_tx="1.721076" m_ty="0.000932"/>
  </frame>
  <frame idx="850" w="836" h="2274" x="-70.000000" y="-1255.875732">
   <element name="symbol0" layername="opalamulet_fx" frame="0" z_index="4" m_a="0.979921" m_b="0.199385" m_c="-0.199385" m_d="0.979921" m_tx="0.000000" m_ty="0.000000"/>
   <element name="symbol0" layername="opalamuletback_fx" frame="1" z_index="3" m_a="-0.268338" m_b="-1.255159" m_c="1.255159" m_d="-0.268338" m_tx="1.721076" m_ty="0.000932"/>
  </frame>
  <frame idx="875" w="773" h="2357" x="-64.500000" y="-1304.722168">
   <element name="symbol0" layername="opalamulet_fx" frame="0" z_index="4" m_a="0.968207" m_b="0.250149" m_c="-0.250149" m_d="0.968207" m_tx="0.000000" m_ty="0.000000"/>
   <element name="symbol0" layername="opalamuletback_fx" frame="1" z_index="3" m_a="-0.335871" m_b="-1.247436" m_c="1.247436" m_d="-0.335871" m_tx="1.721076" m_ty="0.000932"/>
  </frame>
  <frame idx="900" w="706" h="2434" x="-59.000000" y="-1350.453247">
   <element name="symbol0" layername="opalamulet_fx" frame="0" z_index="4" m_a="0.953866" m_b="0.300234" m_c="-0.300234" m_d="0.953866" m_tx="0.000000" m_ty="0.000000"/>
   <element name="symbol0" layername="opalamuletback_fx" frame="1" z_index="3" m_a="-0.403326" m_b="-1.236062" m_c="1.236062" m_d="-0.403326" m_tx="1.721076" m_ty="0.000932"/>
  </frame>
  <frame idx="925" w="638" h="2506" x="-53.500000" y="-1392.921509">
   <element name="symbol0" layername="opalamulet_fx" frame="0" z_index="4" m_a="0.936935" m_b="0.349504" m_c="-0.349504" m_d="0.936935" m_tx="0.000000" m_ty="0.000000"/>
   <element name="symbol0" layername="opalamuletback_fx" frame="1" z_index="3" m_a="-0.470504" m_b="-1.221024" m_c="1.221024" m_d="-0.470504" m_tx="1.721076" m_ty="0.000932"/>
  </frame>
  <frame idx="950" w="566" h="2570" x="-47.500000" y="-1431.985840">
   <element name="symbol0" layername="opalamulet_fx" frame="0" z_index="4" m_a="0.917461" m_b="0.397825" m_c="-0.397825" m_d="0.917461" m_tx="0.000000" m_ty="0.000000"/>
   <element name="symbol0" layername="opalamuletback_fx" frame="1" z_index="3" m_a="-0.537206" m_b="-1.202322" m_c="1.202322" m_d="-0.537206" m_tx="1.721076" m_ty="0.000932"/>
  </frame>
  <frame idx="975" w="491" h="2628" x="-41.000000" y="-1467.011841">
   <element name="symbol0" layername="opalamulet_fx" frame="0" z_index="4" m_a="0.895497" m_b="0.445067" m_c="-0.445067" m_d="0.895497" m_tx="0.000000" m_ty="0.000000"/>
   <element name="symbol0" layername="opalamuletback_fx" frame="1" z_index="3" m_a="-0.603230" m_b="-1.179963" m_c="1.179963" m_d="-0.603230" m_tx="1.721076" m_ty="0.000932"/>
  </frame>
  <frame idx="1000" w="415" h="2679" x="-35.000000" y="-1498.873779">
   <element name="symbol0" layername="opalamulet_fx" frame="0" z_index="4" m_a="0.871103" m_b="0.491101" m_c="-0.491101" m_d="0.871103" m_tx="0.000000" m_ty="0.000000"/>
   <element name="symbol0" layername="opalamuletback_fx" frame="1" z_index="3" m_a="-0.668377" m_b="-1.153968" m_c="1.153968" m_d="-0.668377" m_tx="1.721076" m_ty="0.000932"/>
  </frame>
  <frame idx="1025" w="336" h="2723" x="-28.000000" y="-1526.452393">
   <element name="symbol0" layername="opalamulet_fx" frame="0" z_index="4" m_a="0.844344" m_b="0.535801" m_c="-0.535801" m_d="0.844344" m_tx="0.000000" m_ty="0.000000"/>
   <element name="symbol0" layername="opalamuletback_fx" frame="1" z_index="3" m_a="-0.732446" m_b="-1.124368" m_c="1.124368" m_d="-0.732446" m_tx="1.721076" m_ty="0.000932"/>
  </frame>
  <frame idx="1050" w="255" h="2759" x="-21.500000" y="-1550.137695">
   <element name="symbol0" layername="opalamulet_fx" frame="0" z_index="4" m_a="0.815294" m_b="0.579048" m_c="-0.579048" m_d="0.815294" m_tx="0.000000" m_ty="0.000000"/>
   <element name="symbol0" layername="opalamuletback_fx" frame="1" z_index="3" m_a="-0.795236" m_b="-1.091206" m_c="1.091206" m_d="-0.795236" m_tx="1.721076" m_ty="0.000932"/>
  </frame>
  <frame idx="1075" w="173" h="2789" x="-14.500000" y="-1569.828247">
   <element name="symbol0" layername="opalamulet_fx" frame="0" z_index="4" m_a="0.784030" m_b="0.620723" m_c="-0.620723" m_d="0.784030" m_tx="0.000000" m_ty="0.000000"/>
   <element name="symbol0" layername="opalamuletback_fx" frame="1" z_index="3" m_a="-0.856549" m_b="-1.054534" m_c="1.054534" m_d="-0.856549" m_tx="1.721076" m_ty="0.000932"/>
  </frame>
  <frame idx="1100" w="89" h="2811" x="-7.500000" y="-1585.432129">
   <element name="symbol0" layername="opalamulet_fx" frame="0" z_index="4" m_a="0.750639" m_b="0.660712" m_c="-0.660712" m_d="0.750639" m_tx="0.000000" m_ty="0.000000"/>
   <element name="symbol0" layername="opalamuletback_fx" frame="1" z_index="3" m_a="-0.916189" m_b="-1.014418" m_c="1.014418" m_d="-0.916189" m_tx="1.721076" m_ty="0.000932"/>
  </frame>
  <frame idx="1125" w="15" h="2825" x="-1.500000" y="-1596.366455">
   <element name="symbol0" layername="opalamulet_fx" frame="0" z_index="4" m_a="0.715210" m_b="0.698909" m_c="-0.698909" m_d="0.715210" m_tx="0.000000" m_ty="0.000000"/>
   <element name="symbol0" layername="opalamuletback_fx" frame="1" z_index="3" m_a="-0.973963" m_b="-0.970932" m_c="0.970932" m_d="-0.973963" m_tx="1.721076" m_ty="0.000932"/>
  </frame>
  <frame idx="1150" w="90" h="2832" x="-77.035301" y="-1603.058838">
   <element name="symbol0" layername="opalamulet_fx" frame="0" z_index="4" m_a="0.677840" m_b="0.735209" m_c="-0.735209" m_d="0.677840" m_tx="0.000000" m_ty="0.000000"/>
   <element name="symbol0" layername="opalamuletback_fx" frame="1" z_index="3" m_a="-1.029681" m_b="-0.924162" m_c="0.924162" m_d="-1.029681" m_tx="1.721076" m_ty="0.000932"/>
  </frame>
  <frame idx="1175" w="177" h="2830" x="-157.061264" y="-1605.447021">
   <element name="symbol0" layername="opalamulet_fx" frame="0" z_index="4" m_a="0.638631" m_b="0.769513" m_c="-0.769513" m_d="0.638631" m_tx="0.000000" m_ty="0.000000"/>
   <element name="symbol0" layername="opalamuletback_fx" frame="1" z_index="3" m_a="-1.083156" m_b="-0.874206" m_c="0.874206" m_d="-1.083156" m_tx="1.721076" m_ty="0.000932"/>
  </frame>
  <frame idx="1200" w="264" h="2822" x="-237.054153" y="-1603.479126">
   <element name="symbol0" layername="opalamulet_fx" frame="0" z_index="4" m_a="0.597688" m_b="0.801729" m_c="-0.801729" m_d="0.597688" m_tx="0.000000" m_ty="0.000000"/>
   <element name="symbol0" layername="opalamuletback_fx" frame="1" z_index="3" m_a="-1.134207" m_b="-0.821172" m_c="0.821172" m_d="-1.134207" m_tx="1.721076" m_ty="0.000932"/>
  </frame>
  <frame idx="1225" w="353" h="2805" x="-317.807892" y="-1596.614136">
   <element name="symbol0" layername="opalamulet_fx" frame="0" z_index="4" m_a="0.555122" m_b="0.831769" m_c="-0.831769" m_d="0.555122" m_tx="0.000000" m_ty="0.000000"/>
   <element name="symbol0" layername="opalamuletback_fx" frame="1" z_index="3" m_a="-1.182657" m_b="-0.765175" m_c="0.765175" m_d="-1.182657" m_tx="1.721076" m_ty="0.000932"/>
  </frame>
  <frame idx="1250" w="441" h="2780" x="-398.612762" y="-1585.322632">
   <element name="symbol0" layername="opalamulet_fx" frame="0" z_index="4" m_a="0.511050" m_b="0.859551" m_c="-0.859551" m_d="0.511050" m_tx="0.000000" m_ty="0.000000"/>
   <element name="symbol0" layername="opalamuletback_fx" frame="1" z_index="3" m_a="-1.228335" m_b="-0.706346" m_c="0.706346" m_d="-1.228335" m_tx="1.721076" m_ty="0.000932"/>
  </frame>
  <frame idx="1275" w="528" h="2747" x="-478.757416" y="-1569.085693">
   <element name="symbol0" layername="opalamulet_fx" frame="0" z_index="4" m_a="0.465591" m_b="0.885000" m_c="-0.885000" m_d="0.465591" m_tx="0.000000" m_ty="0.000000"/>
   <element name="symbol0" layername="opalamuletback_fx" frame="1" z_index="3" m_a="-1.271078" m_b="-0.644821" m_c="0.644821" m_d="-1.271078" m_tx="1.721076" m_ty="0.000932"/>
  </frame>
  <frame idx="1300" w="616" h="2706" x="-559.027710" y="-1548.396362">
   <element name="symbol0" layername="opalamulet_fx" frame="0" z_index="4" m_a="0.418869" m_b="0.908047" m_c="-0.908047" m_d="0.418869" m_tx="0.000000" m_ty="0.000000"/>
   <element name="symbol0" layername="opalamuletback_fx" frame="1" z_index="3" m_a="-1.310727" m_b="-0.580747" m_c="0.580747" m_d="-1.310727" m_tx="1.721076" m_ty="0.000932"/>
  </frame>
  <frame idx="1325" w="702" h="2658" x="-638.209412" y="-1523.259277">
   <element name="symbol0" layername="opalamulet_fx" frame="0" z_index="4" m_a="0.371009" m_b="0.928629" m_c="-0.928629" m_d="0.371009" m_tx="0.000000" m_ty="0.000000"/>
   <element name="symbol0" layername="opalamuletback_fx" frame="1" z_index="3" m_a="-1.347133" m_b="-0.514280" m_c="0.514280" m_d="-1.347133" m_tx="1.721076" m_ty="0.000932"/>
  </frame>
  <frame idx="1350" w="789" h="2602" x="-717.086365" y="-1493.690308">
   <element name="symbol0" layername="opalamulet_fx" frame="0" z_index="4" m_a="0.322142" m_b="0.946691" m_c="-0.946691" m_d="0.322142" m_tx="0.000000" m_ty="0.000000"/>
   <element name="symbol0" layername="opalamuletback_fx" frame="1" z_index="3" m_a="-1.380153" m_b="-0.445587" m_c="0.445587" m_d="-1.380153" m_tx="1.721076" m_ty="0.000932"/>
  </frame>
  <frame idx="1375" w="873" h="2538" x="-794.443848" y="-1459.217407">
   <element name="symbol0" layername="opalamulet_fx" frame="0" z_index="4" m_a="0.272401" m_b="0.962184" m_c="-0.962184" m_d="0.272401" m_tx="0.000000" m_ty="0.000000"/>
   <element name="symbol0" layername="opalamuletback_fx" frame="1" z_index="3" m_a="-1.409654" m_b="-0.374839" m_c="0.374839" m_d="-1.409654" m_tx="1.721076" m_ty="0.000932"/>
  </frame>
  <frame idx="1400" w="956" h="2468" x="-870.566284" y="-1420.880493">
   <element name="symbol0" layername="opalamulet_fx" frame="0" z_index="4" m_a="0.221921" m_b="0.975065" m_c="-0.975065" m_d="0.221921" m_tx="0.000000" m_ty="0.000000"/>
   <element name="symbol0" layername="opalamuletback_fx" frame="1" z_index="3" m_a="-1.435510" m_b="-0.302218" m_c="0.302218" m_d="-1.435510" m_tx="1.721076" m_ty="0.000932"/>
  </frame>
  <frame idx="1425" w="1037" h="2388" x="-944.741150" y="-1377.231079">
   <element name="symbol0" layername="opalamulet_fx" frame="0" z_index="4" m_a="0.170838" m_b="0.985299" m_c="-0.985299" m_d="0.170838" m_tx="0.000000" m_ty="0.000000"/>
   <element name="symbol0" layername="opalamuletback_fx" frame="1" z_index="3" m_a="-1.457606" m_b="-0.227913" m_c="0.227913" m_d="-1.457606" m_tx="1.721076" m_ty="0.000932"/>
  </frame>
  <frame idx="1450" w="1116" h="2303" x="-1017.256592" y="-1329.832275">
   <element name="symbol0" layername="opalamulet_fx" frame="0" z_index="4" m_a="0.119292" m_b="0.992859" m_c="-0.992859" m_d="0.119292" m_tx="0.000000" m_ty="0.000000"/>
   <element name="symbol0" layername="opalamuletback_fx" frame="1" z_index="3" m_a="-1.475837" m_b="-0.152119" m_c="0.152119" m_d="-1.475837" m_tx="1.721076" m_ty="0.000932"/>
  </frame>
  <frame idx="1475" w="1193" h="2211" x="-1087.903442" y="-1278.259399">
   <element name="symbol0" layername="opalamulet_fx" frame="0" z_index="4" m_a="0.067422" m_b="0.997725" m_c="-0.997725" m_d="0.067422" m_tx="0.000000" m_ty="0.000000"/>
   <element name="symbol0" layername="opalamuletback_fx" frame="1" z_index="3" m_a="-1.490106" m_b="-0.075040" m_c="0.075040" m_d="-1.490106" m_tx="1.721076" m_ty="0.000932"/>
  </frame>
  <frame idx="1500" w="1264" h="2102" x="-1153.536133" y="-1223.573120">
   <element name="symbol0" layername="opalamulet_fx" frame="0" z_index="4" m_a="0.000136" m_b="1.000000" m_c="-1.000000" m_d="0.000136" m_tx="0.000000" m_ty="0.000000"/>
   <element name="symbol0" layername="opalamuletback_fx" frame="1" z_index="3" m_a="-1.500000" m_b="-0.000026" m_c="0.000026" m_d="-1.500000" m_tx="1.721076" m_ty="0.000932"/>
  </frame>
  <frame idx="1525" w="1193" h="2098" x="-1087.903442" y="-1268.759399">
   <element name="symbol0" layername="opalamulet_fx" frame="0" z_index="4" m_a="-0.067153" m_b="0.997743" m_c="-0.997743" m_d="-0.067153" m_tx="0.000000" m_ty="0.000000"/>
   <element name="symbol0" layername="opalamuletback_fx" frame="1" z_index="3" m_a="-1.490106" m_b="-0.075040" m_c="0.075040" m_d="-1.490106" m_tx="1.721076" m_ty="0.000932"/>
  </frame>
  <frame idx="1550" w="1116" h="2103" x="-1017.256348" y="-1313.332520">
   <element name="symbol0" layername="opalamulet_fx" frame="0" z_index="4" m_a="-0.119030" m_b="0.992891" m_c="-0.992891" m_d="-0.119030" m_tx="0.000000" m_ty="0.000000"/>
   <element name="symbol0" layername="opalamuletback_fx" frame="1" z_index="3" m_a="-1.475837" m_b="-0.152120" m_c="0.152120" m_d="-1.475837" m_tx="1.721076" m_ty="0.000932"/>
  </frame>
  <frame idx="1575" w="1037" h="2102" x="-944.741150" y="-1353.731079">
   <element name="symbol0" layername="opalamulet_fx" frame="0" z_index="4" m_a="-0.170583" m_b="0.985343" m_c="-0.985343" m_d="-0.170583" m_tx="0.000000" m_ty="0.000000"/>
   <element name="symbol0" layername="opalamuletback_fx" frame="1" z_index="3" m_a="-1.457606" m_b="-0.227913" m_c="0.227913" m_d="-1.457606" m_tx="1.721076" m_ty="0.000932"/>
  </frame>
  <frame idx="1600" w="1016" h="2093" x="-925.149170" y="-1389.380493">
   <element name="symbol0" layername="opalamulet_fx" frame="0" z_index="4" m_a="-0.221673" m_b="0.975121" m_c="-0.975121" m_d="-0.221673" m_tx="0.000000" m_ty="0.000000"/>
   <element name="symbol0" layername="opalamuletback_fx" frame="1" z_index="3" m_a="-1.435510" m_b="-0.302218" m_c="0.302218" m_d="-1.435510" m_tx="1.721076" m_ty="0.000932"/>
  </frame>
  <frame idx="1625" w="1047" h="2080" x="-954.057495" y="-1421.217407">
   <element name="symbol0" layername="opalamulet_fx" frame="0" z_index="4" m_a="-0.272161" m_b="0.962252" m_c="-0.962252" m_d="-0.272161" m_tx="0.000000" m_ty="0.000000"/>
   <element name="symbol0" layername="opalamuletback_fx" frame="1" z_index="3" m_a="-1.409654" m_b="-0.374839" m_c="0.374839" m_d="-1.409654" m_tx="1.721076" m_ty="0.000932"/>
  </frame>
  <frame idx="1650" w="1076" h="2060" x="-980.613403" y="-1448.690308">
   <element name="symbol0" layername="opalamulet_fx" frame="0" z_index="4" m_a="-0.321910" m_b="0.946770" m_c="-0.946770" m_d="-0.321910" m_tx="0.000000" m_ty="0.000000"/>
   <element name="symbol0" layername="opalamuletback_fx" frame="1" z_index="3" m_a="-1.380153" m_b="-0.445587" m_c="0.445587" m_d="-1.380153" m_tx="1.721076" m_ty="0.000932"/>
  </frame>
  <frame idx="1675" w="1102" h="2033" x="-1004.251648" y="-1471.259277">
   <element name="symbol0" layername="opalamulet_fx" frame="0" z_index="4" m_a="-0.370785" m_b="0.928719" m_c="-0.928719" m_d="-0.370785" m_tx="0.000000" m_ty="0.000000"/>
   <element name="symbol0" layername="opalamuletback_fx" frame="1" z_index="3" m_a="-1.347133" m_b="-0.514280" m_c="0.514280" m_d="-1.347133" m_tx="1.721076" m_ty="0.000932"/>
  </frame>
  <frame idx="1700" w="1125" h="2001" x="-1025.413208" y="-1489.896362">
   <element name="symbol0" layername="opalamulet_fx" frame="0" z_index="4" m_a="-0.418653" m_b="0.908146" m_c="-0.908146" m_d="-0.418653" m_tx="0.000000" m_ty="0.000000"/>
   <element name="symbol0" layername="opalamuletback_fx" frame="1" z_index="3" m_a="-1.310727" m_b="-0.580747" m_c="0.580747" m_d="-1.310727" m_tx="1.721076" m_ty="0.000932"/>
  </frame>
  <frame idx="1725" w="1144" h="1963" x="-1043.546631" y="-1504.085693">
   <element name="symbol0" layername="opalamulet_fx" frame="0" z_index="4" m_a="-0.465386" m_b="0.885108" m_c="-0.885108" m_d="-0.465386" m_tx="0.000000" m_ty="0.000000"/>
   <element name="symbol0" layername="opalamuletback_fx" frame="1" z_index="3" m_a="-1.271078" m_b="-0.644821" m_c="0.644821" m_d="-1.271078" m_tx="1.721076" m_ty="0.000932"/>
  </frame>
  <frame idx="1750" w="1161" h="1919" x="-1059.106323" y="-1513.322632">
   <element name="symbol0" layername="opalamulet_fx" frame="0" z_index="4" m_a="-0.510855" m_b="0.859667" m_c="-0.859667" m_d="-0.510855" m_tx="0.000000" m_ty="0.000000"/>
   <element name="symbol0" layername="opalamuletback_fx" frame="1" z_index="3" m_a="-1.228335" m_b="-0.706346" m_c="0.706346" m_d="-1.228335" m_tx="1.721076" m_ty="0.000932"/>
  </frame>
  <frame idx="1775" w="1175" h="1870" x="-1071.554199" y="-1518.614136">
   <element name="symbol0" layername="opalamulet_fx" frame="0" z_index="4" m_a="-0.554937" m_b="0.831892" m_c="-0.831892" m_d="-0.554937" m_tx="0.000000" m_ty="0.000000"/>
   <element name="symbol0" layername="opalamuletback_fx" frame="1" z_index="3" m_a="-1.182657" m_b="-0.765175" m_c="0.765175" m_d="-1.182657" m_tx="1.721076" m_ty="0.000932"/>
  </frame>
  <frame idx="1800" w="1186" h="1815" x="-1081.359131" y="-1519.479126">
   <element name="symbol0" layername="opalamulet_fx" frame="0" z_index="4" m_a="-0.597512" m_b="0.801860" m_c="-0.801860" m_d="-0.597512" m_tx="0.000000" m_ty="0.000000"/>
   <element name="symbol0" layername="opalamuletback_fx" frame="1" z_index="3" m_a="-1.134207" m_b="-0.821172" m_c="0.821172" m_d="-1.134207" m_tx="1.721076" m_ty="0.000932"/>
  </frame>
  <frame idx="1825" w="1193" h="1755" x="-1087.997437" y="-1515.947021">
   <element name="symbol0" layername="opalamulet_fx" frame="0" z_index="4" m_a="-0.638466" m_b="0.769650" m_c="-0.769650" m_d="-0.638466" m_tx="0.000000" m_ty="0.000000"/>
   <element name="symbol0" layername="opalamuletback_fx" frame="1" z_index="3" m_a="-1.083156" m_b="-0.874206" m_c="0.874206" m_d="-1.083156" m_tx="1.721076" m_ty="0.000932"/>
  </frame>
  <frame idx="1850" w="1197" h="1690" x="-1091.952271" y="-1508.058838">
   <element name="symbol0" layername="opalamulet_fx" frame="0" z_index="4" m_a="-0.677687" m_b="0.735351" m_c="-0.735351" m_d="-0.677687" m_tx="0.000000" m_ty="0.000000"/>
   <element name="symbol0" layername="opalamuletback_fx" frame="1" z_index="3" m_a="-1.029681" m_b="-0.924162" m_c="0.924162" m_d="-1.029681" m_tx="1.721076" m_ty="0.000932"/>
  </frame>
  <frame idx="1875" w="1198" h="1636" x="-1092.714355" y="-1497.366455">
   <element name="symbol0" layername="opalamulet_fx" frame="0" z_index="4" m_a="-0.715067" m_b="0.699056" m_c="-0.699056" m_d="-0.715067" m_tx="0.000000" m_ty="0.000000"/>
   <element name="symbol0" layername="opalamuletback_fx" frame="1" z_index="3" m_a="-0.973963" m_b="-0.970932" m_c="0.970932" m_d="-0.973963" m_tx="1.721076" m_ty="0.000932"/>
  </frame>
  <frame idx="1900" w="1278" h="1624" x="-1097.281494" y="-1486.432129">
   <element name="symbol0" layername="opalamulet_fx" frame="0" z_index="4" m_a="-0.750507" m_b="0.660863" m_c="-0.660863" m_d="-0.750507" m_tx="0.000000" m_ty="0.000000"/>
   <element name="symbol0" layername="opalamuletback_fx" frame="1" z_index="3" m_a="-0.916189" m_b="-1.014418" m_c="1.014418" m_d="-0.916189" m_tx="1.721076" m_ty="0.000932"/>
  </frame>
  <frame idx="1925" w="1356" h="1609" x="-1099.158936" y="-1471.828247">
   <element name="symbol0" layername="opalamulet_fx" frame="0" z_index="4" m_a="-0.783909" m_b="0.620876" m_c="-0.620876" m_d="-0.783909" m_tx="0.000000" m_ty="0.000000"/>
   <element name="symbol0" layername="opalamuletback_fx" frame="1" z_index="3" m_a="-0.856549" m_b="-1.054535" m_c="1.054535" m_d="-0.856549" m_tx="1.721076" m_ty="0.000932"/>
  </frame>
  <frame idx="1950" w="1430" h="1587" x="-1098.359375" y="-1452.637695">
   <element name="symbol0" layername="opalamulet_fx" frame="0" z_index="4" m_a="-0.815183" m_b="0.579203" m_c="-0.579203" m_d="-0.815183" m_tx="0.000000" m_ty="0.000000"/>
   <element name="symbol0" layername="opalamuletback_fx" frame="1" z_index="3" m_a="-0.795236" m_b="-1.091206" m_c="1.091206" m_d="-0.795236" m_tx="1.721076" m_ty="0.000932"/>
  </frame>
  <frame idx="1975" w="1499" h="1563" x="-1093.902344" y="-1429.952393">
   <element name="symbol0" layername="opalamulet_fx" frame="0" z_index="4" m_a="-0.844244" m_b="0.535959" m_c="-0.535959" m_d="-0.844244" m_tx="0.000000" m_ty="0.000000"/>
   <element name="symbol0" layername="opalamuletback_fx" frame="1" z_index="3" m_a="-0.732446" m_b="-1.124368" m_c="1.124368" m_d="-0.732446" m_tx="1.721076" m_ty="0.000932"/>
  </frame>
  <frame idx="2000" w="1563" h="1534" x="-1086.815430" y="-1403.373779">
   <element name="symbol0" layername="opalamulet_fx" frame="0" z_index="4" m_a="-0.871013" m_b="0.491259" m_c="-0.491259" m_d="-0.871013" m_tx="0.000000" m_ty="0.000000"/>
   <element name="symbol0" layername="opalamuletback_fx" frame="1" z_index="3" m_a="-0.668377" m_b="-1.153968" m_c="1.153968" m_d="-0.668377" m_tx="1.721076" m_ty="0.000932"/>
  </frame>
  <frame idx="2025" w="1621" h="1502" x="-1076.632324" y="-1373.511963">
   <element name="symbol0" layername="opalamulet_fx" frame="0" z_index="4" m_a="-0.895418" m_b="0.445226" m_c="-0.445226" m_d="-0.895418" m_tx="0.000000" m_ty="0.000000"/>
   <element name="symbol0" layername="opalamuletback_fx" frame="1" z_index="3" m_a="-0.603230" m_b="-1.179963" m_c="1.179963" m_d="-0.603230" m_tx="1.721076" m_ty="0.000932"/>
  </frame>
  <frame idx="2050" w="1673" h="1464" x="-1062.894043" y="-1339.485718">
   <element name="symbol0" layername="opalamulet_fx" frame="0" z_index="4" m_a="-0.917392" m_b="0.397984" m_c="-0.397984" m_d="-0.917392" m_tx="0.000000" m_ty="0.000000"/>
   <element name="symbol0" layername="opalamuletback_fx" frame="1" z_index="3" m_a="-0.537206" m_b="-1.202322" m_c="1.202322" m_d="-0.537206" m_tx="1.721076" m_ty="0.000932"/>
  </frame>
  <frame idx="2075" w="1721" h="1425" x="-1046.649414" y="-1302.921509">
   <element name="symbol0" layername="opalamulet_fx" frame="0" z_index="4" m_a="-0.936876" m_b="0.349662" m_c="-0.349662" m_d="-0.936876" m_tx="0.000000" m_ty="0.000000"/>
   <element name="symbol0" layername="opalamuletback_fx" frame="1" z_index="3" m_a="-0.470504" m_b="-1.221024" m_c="1.221024" m_d="-0.470504" m_tx="1.721076" m_ty="0.000932"/>
  </frame>
  <frame idx="2100" w="1763" h="1380" x="-1027.453125" y="-1262.453247">
   <element name="symbol0" layername="opalamulet_fx" frame="0" z_index="4" m_a="-0.953816" m_b="0.300390" m_c="-0.300390" m_d="-0.953816" m_tx="0.000000" m_ty="0.000000"/>
   <element name="symbol0" layername="opalamuletback_fx" frame="1" z_index="3" m_a="-0.403326" m_b="-1.236062" m_c="1.236062" m_d="-0.403326" m_tx="1.721076" m_ty="0.000932"/>
  </frame>
  <frame idx="2125" w="1799" h="1334" x="-1005.366333" y="-1219.722168">
   <element name="symbol0" layername="opalamulet_fx" frame="0" z_index="4" m_a="-0.968168" m_b="0.250303" m_c="-0.250303" m_d="-0.968168" m_tx="0.000000" m_ty="0.000000"/>
   <element name="symbol0" layername="opalamuletback_fx" frame="1" z_index="3" m_a="-0.335871" m_b="-1.247436" m_c="1.247436" m_d="-0.335871" m_tx="1.721076" m_ty="0.000932"/>
  </frame>
  <frame idx="2150" w="1829" h="1283" x="-980.457703" y="-1173.375732">
   <element name="symbol0" layername="opalamulet_fx" frame="0" z_index="4" m_a="-0.979890" m_b="0.199537" m_c="-0.199537" m_d="-0.979890" m_tx="0.000000" m_ty="0.000000"/>
   <element name="symbol0" layername="opalamuletback_fx" frame="1" z_index="3" m_a="-0.268338" m_b="-1.255159" m_c="1.255159" m_d="-0.268338" m_tx="1.721076" m_ty="0.000932"/>
  </frame>
  <frame idx="2175" w="1855" h="1230" x="-953.301575" y="-1124.567627">
   <element name="symbol0" layername="opalamulet_fx" frame="0" z_index="4" m_a="-0.988953" m_b="0.148229" m_c="-0.148229" m_d="-0.988953" m_tx="0.000000" m_ty="0.000000"/>
   <element name="symbol0" layername="opalamuletback_fx" frame="1" z_index="3" m_a="-0.200922" m_b="-1.259255" m_c="1.259255" m_d="-0.200922" m_tx="1.721076" m_ty="0.000932"/>
  </frame>
  <frame idx="2200" w="1873" h="1175" x="-922.978210" y="-1073.456543">
   <element name="symbol0" layername="opalamulet_fx" frame="0" z_index="4" m_a="-0.995331" m_b="0.096518" m_c="-0.096518" m_d="-0.995331" m_tx="0.000000" m_ty="0.000000"/>
   <element name="symbol0" layername="opalamuletback_fx" frame="1" z_index="3" m_a="-0.133818" m_b="-1.259757" m_c="1.259757" m_d="-0.133818" m_tx="1.721076" m_ty="0.000932"/>
  </frame>
  <frame idx="2225" w="1886" h="1116" x="-890.074097" y="-1019.707031">
   <element name="symbol0" layername="opalamulet_fx" frame="0" z_index="4" m_a="-0.999007" m_b="0.044546" m_c="-0.044546" m_d="-0.999007" m_tx="0.000000" m_ty="0.000000"/>
   <element name="symbol0" layername="opalamuletback_fx" frame="1" z_index="3" m_a="-0.067215" m_b="-1.256710" m_c="1.256710" m_d="-0.067215" m_tx="1.721076" m_ty="0.000932"/>
  </frame>
  <frame idx="2250" w="1892" h="1055" x="-854.681335" y="-963.986694">
   <element name="symbol0" layername="opalamulet_fx" frame="0" z_index="4" m_a="-0.999972" m_b="-0.007548" m_c="0.007548" m_d="-0.999972" m_tx="0.000000" m_ty="0.000000"/>
   <element name="symbol0" layername="opalamuletback_fx" frame="1" z_index="3" m_a="-0.001299" m_b="-1.250166" m_c="1.250166" m_d="-0.001299" m_tx="1.721076" m_ty="0.000932"/>
  </frame>
  <frame idx="2275" w="1893" h="993" x="-816.897339" y="-906.468323">
   <element name="symbol0" layername="opalamulet_fx" frame="0" z_index="4" m_a="-0.998221" m_b="-0.059621" m_c="0.059621" m_d="-0.998221" m_tx="0.000000" m_ty="0.000000"/>
   <element name="symbol0" layername="opalamuletback_fx" frame="1" z_index="3" m_a="0.063747" m_b="-1.240191" m_c="1.240191" m_d="0.063747" m_tx="1.721076" m_ty="0.000932"/>
  </frame>
  <frame idx="2300" w="1888" h="935" x="-776.824585" y="-853.915588">
   <element name="symbol0" layername="opalamulet_fx" frame="0" z_index="4" m_a="-0.993761" m_b="-0.111532" m_c="0.111532" m_d="-0.993761" m_tx="0.000000" m_ty="0.000000"/>
   <element name="symbol0" layername="opalamuletback_fx" frame="1" z_index="3" m_a="0.127745" m_b="-1.226856" m_c="1.226856" m_d="0.127745" m_tx="1.721076" m_ty="0.000932"/>
  </frame>
  <frame idx="2325" w="1877" h="973" x="-734.570862" y="-888.619629">
   <element name="symbol0" layername="opalamulet_fx" frame="0" z_index="4" m_a="-0.986603" m_b="-0.163140" m_c="0.163140" m_d="-0.986603" m_tx="0.000000" m_ty="0.000000"/>
   <element name="symbol0" layername="opalamuletback_fx" frame="1" z_index="3" m_a="0.190524" m_b="-1.210245" m_c="1.210245" m_d="0.190524" m_tx="1.721076" m_ty="0.000932"/>
  </frame>
  <frame idx="2350" w="1861" h="1007" x="-690.747437" y="-920.132874">
   <element name="symbol0" layername="opalamulet_fx" frame="0" z_index="4" m_a="-0.976767" m_b="-0.214306" m_c="0.214306" m_d="-0.976767" m_tx="0.000000" m_ty="0.000000"/>
   <element name="symbol0" layername="opalamuletback_fx" frame="1" z_index="3" m_a="0.251917" m_b="-1.190448" m_c="1.190448" m_d="0.251917" m_tx="1.721076" m_ty="0.000932"/>
  </frame>
  <frame idx="2375" w="1839" h="1040" x="-644.471191" y="-949.876221">
   <element name="symbol0" layername="opalamulet_fx" frame="0" z_index="4" m_a="-0.964279" m_b="-0.264890" m_c="0.264890" m_d="-0.964279" m_tx="0.000000" m_ty="0.000000"/>
   <element name="symbol0" layername="opalamuletback_fx" frame="1" z_index="3" m_a="0.311765" m_b="-1.167565" m_c="1.167565" m_d="0.311765" m_tx="1.721076" m_ty="0.000932"/>
  </frame>
  <frame idx="2400" w="1811" h="1068" x="-596.362122" y="-976.277100">
   <element name="symbol0" layername="opalamulet_fx" frame="0" z_index="4" m_a="-0.949173" m_b="-0.314754" m_c="0.314754" m_d="-0.949173" m_tx="0.000000" m_ty="0.000000"/>
   <element name="symbol0" layername="opalamuletback_fx" frame="1" z_index="3" m_a="0.369913" m_b="-1.141703" m_c="1.141703" m_d="0.369913" m_tx="1.721076" m_ty="0.000932"/>
  </frame>
  <frame idx="2425" w="1778" h="1095" x="-547.044250" y="-1000.769226">
   <element name="symbol0" layername="opalamulet_fx" frame="0" z_index="4" m_a="-0.931491" m_b="-0.363764" m_c="0.363764" m_d="-0.931491" m_tx="0.000000" m_ty="0.000000"/>
   <element name="symbol0" layername="opalamuletback_fx" frame="1" z_index="3" m_a="0.426214" m_b="-1.112976" m_c="1.112976" m_d="0.426214" m_tx="1.721076" m_ty="0.000932"/>
  </frame>
  <frame idx="2450" w="1739" h="1119" x="-495.644257" y="-1022.293091">
   <element name="symbol0" layername="opalamulet_fx" frame="0" z_index="4" m_a="-0.911280" m_b="-0.411787" m_c="0.411787" m_d="-0.911280" m_tx="0.000000" m_ty="0.000000"/>
   <element name="symbol0" layername="opalamuletback_fx" frame="1" z_index="3" m_a="0.480531" m_b="-1.081507" m_c="1.081507" m_d="0.480531" m_tx="1.721076" m_ty="0.000932"/>
  </frame>
  <frame idx="2475" w="1696" h="1139" x="-443.292175" y="-1040.795654">
   <element name="symbol0" layername="opalamulet_fx" frame="0" z_index="4" m_a="-0.888595" m_b="-0.458692" m_c="0.458692" m_d="-0.888595" m_tx="0.000000" m_ty="0.000000"/>
   <element name="symbol0" layername="opalamuletback_fx" frame="1" z_index="3" m_a="0.532730" m_b="-1.047424" m_c="1.047424" m_d="0.532730" m_tx="1.721076" m_ty="0.000932"/>
  </frame>
  <frame idx="2500" w="1647" h="1156" x="-389.621277" y="-1056.730591">
   <element name="symbol0" layername="opalamulet_fx" frame="0" z_index="4" m_a="-0.863499" m_b="-0.504351" m_c="0.504351" m_d="-0.863499" m_tx="0.000000" m_ty="0.000000"/>
   <element name="symbol0" layername="opalamuletback_fx" frame="1" z_index="3" m_a="0.582689" m_b="-1.010863" m_c="1.010863" m_d="0.582689" m_tx="1.721076" m_ty="0.000932"/>
  </frame>
  <frame idx="2525" w="1594" h="1170" x="-334.765503" y="-1069.559082">
   <element name="symbol0" layername="opalamulet_fx" frame="0" z_index="4" m_a="-0.836057" m_b="-0.548642" m_c="0.548642" m_d="-0.836057" m_tx="0.000000" m_ty="0.000000"/>
   <element name="symbol0" layername="opalamuletback_fx" frame="1" z_index="3" m_a="0.630292" m_b="-0.971964" m_c="0.971964" m_d="0.630292" m_tx="1.721076" m_ty="0.000932"/>
  </frame>
  <frame idx="2550" w="1536" h="1181" x="-278.862244" y="-1079.748535">
   <element name="symbol0" layername="opalamulet_fx" frame="0" z_index="4" m_a="-0.806347" m_b="-0.591443" m_c="0.591443" m_d="-0.806347" m_tx="0.000000" m_ty="0.000000"/>
   <element name="symbol0" layername="opalamuletback_fx" frame="1" z_index="3" m_a="0.675432" m_b="-0.930872" m_c="0.930872" m_d="0.675432" m_tx="1.721076" m_ty="0.000932"/>
  </frame>
  <frame idx="2575" w="1474" h="1190" x="-222.549408" y="-1087.274170">
   <element name="symbol0" layername="opalamulet_fx" frame="0" z_index="4" m_a="-0.774447" m_b="-0.632639" m_c="0.632639" m_d="-0.774447" m_tx="0.000000" m_ty="0.000000"/>
   <element name="symbol0" layername="opalamuletback_fx" frame="1" z_index="3" m_a="0.718011" m_b="-0.887738" m_c="0.887738" m_d="0.718011" m_tx="1.721076" m_ty="0.000932"/>
  </frame>
  <frame idx="2600" w="1408" h="1193" x="-165.466614" y="-1091.118408">
   <element name="symbol0" layername="opalamulet_fx" frame="0" z_index="4" m_a="-0.740445" m_b="-0.672117" m_c="0.672117" m_d="-0.740445" m_tx="0.000000" m_ty="0.000000"/>
   <element name="symbol0" layername="opalamuletback_fx" frame="1" z_index="3" m_a="0.757941" m_b="-0.842717" m_c="0.842717" m_d="0.757941" m_tx="1.721076" m_ty="0.000932"/>
  </frame>
  <frame idx="2625" w="1342" h="1196" x="-112.000000" y="-1092.770874">
   <element name="symbol0" layername="opalamulet_fx" frame="0" z_index="4" m_a="-0.704433" m_b="-0.709770" m_c="0.709770" m_d="-0.704433" m_tx="0.000000" m_ty="0.000000"/>
   <element name="symbol0" layername="opalamuletback_fx" frame="1" z_index="3" m_a="0.795141" m_b="-0.795967" m_c="0.795967" m_d="0.795141" m_tx="1.721076" m_ty="0.000932"/>
  </frame>
  <frame idx="2650" w="1330" h="1260" x="-111.000000" y="-1096.228271">
   <element name="symbol0" layername="opalamulet_fx" frame="0" z_index="4" m_a="-0.666509" m_b="-0.745497" m_c="0.745497" m_d="-0.666509" m_tx="0.000000" m_ty="0.000000"/>
   <element name="symbol0" layername="opalamuletback_fx" frame="1" z_index="3" m_a="0.829540" m_b="-0.747650" m_c="0.747650" m_d="0.829540" m_tx="1.721076" m_ty="0.000932"/>
  </frame>
  <frame idx="2675" w="1314" h="1323" x="-109.500000" y="-1097.494629">
   <element name="symbol0" layername="opalamulet_fx" frame="0" z_index="4" m_a="-0.626775" m_b="-0.779200" m_c="0.779200" m_d="-0.626775" m_tx="0.000000" m_ty="0.000000"/>
   <element name="symbol0" layername="opalamuletback_fx" frame="1" z_index="3" m_a="0.861079" m_b="-0.697930" m_c="0.697930" m_d="0.861079" m_tx="1.721076" m_ty="0.000932"/>
  </frame>
  <frame idx="2700" w="1295" h="1382" x="-108.000000" y="-1095.581787">
   <element name="symbol0" layername="opalamulet_fx" frame="0" z_index="4" m_a="-0.585340" m_b="-0.810788" m_c="0.810788" m_d="-0.585340" m_tx="0.000000" m_ty="0.000000"/>
   <element name="symbol0" layername="opalamuletback_fx" frame="1" z_index="3" m_a="0.889704" m_b="-0.646973" m_c="0.646973" m_d="0.889704" m_tx="1.721076" m_ty="0.000932"/>
  </frame>
  <frame idx="2725" w="1274" h="1436" x="-106.500000" y="-1090.508301">
   <element name="symbol0" layername="opalamulet_fx" frame="0" z_index="4" m_a="-0.542316" m_b="-0.840175" m_c="0.840175" m_d="-0.542316" m_tx="0.000000" m_ty="0.000000"/>
   <element name="symbol0" layername="opalamuletback_fx" frame="1" z_index="3" m_a="0.915373" m_b="-0.594946" m_c="0.594946" m_d="0.915373" m_tx="1.721076" m_ty="0.000932"/>
  </frame>
  <frame idx="2750" w="1248" h="1485" x="-104.000000" y="-1082.300293">
   <element name="symbol0" layername="opalamulet_fx" frame="0" z_index="4" m_a="-0.497820" m_b="-0.867281" m_c="0.867281" m_d="-0.497820" m_tx="0.000000" m_ty="0.000000"/>
   <element name="symbol0" layername="opalamuletback_fx" frame="1" z_index="3" m_a="0.938055" m_b="-0.542019" m_c="0.542019" m_d="0.938055" m_tx="1.721076" m_ty="0.000932"/>
  </frame>
  <frame idx="2775" w="1220" h="1528" x="-102.018082" y="-1070.990845">
   <element name="symbol0" layername="opalamulet_fx" frame="0" z_index="4" m_a="-0.451972" m_b="-0.892032" m_c="0.892032" m_d="-0.451972" m_tx="0.000000" m_ty="0.000000"/>
   <element name="symbol0" layername="opalamuletback_fx" frame="1" z_index="3" m_a="0.957724" m_b="-0.488361" m_c="0.488361" m_d="0.957724" m_tx="1.721076" m_ty="0.000932"/>
  </frame>
  <frame idx="2800" w="1187" h="1568" x="-99.089333" y="-1057.119995">
   <element name="symbol0" layername="opalamulet_fx" frame="0" z_index="4" m_a="-0.404897" m_b="-0.914362" m_c="0.914362" m_d="-0.404897" m_tx="0.000000" m_ty="0.000000"/>
   <element name="symbol0" layername="opalamuletback_fx" frame="1" z_index="3" m_a="0.974369" m_b="-0.434140" m_c="0.434140" m_d="0.974369" m_tx="1.721076" m_ty="0.000932"/>
  </frame>
  <frame idx="2825" w="1152" h="1601" x="-96.154327" y="-1039.735229">
   <element name="symbol0" layername="opalamulet_fx" frame="0" z_index="4" m_a="-0.356723" m_b="-0.934210" m_c="0.934210" m_d="-0.356723" m_tx="0.000000" m_ty="0.000000"/>
   <element name="symbol0" layername="opalamuletback_fx" frame="1" z_index="3" m_a="0.987984" m_b="-0.379526" m_c="0.379526" m_d="0.987984" m_tx="1.721076" m_ty="0.000932"/>
  </frame>
  <frame idx="2850" w="1115" h="1629" x="-93.212975" y="-1019.890198">
   <element name="symbol0" layername="opalamulet_fx" frame="0" z_index="4" m_a="-0.307581" m_b="-0.951522" m_c="0.951522" m_d="-0.307581" m_tx="0.000000" m_ty="0.000000"/>
   <element name="symbol0" layername="opalamuletback_fx" frame="1" z_index="3" m_a="0.998574" m_b="-0.324686" m_c="0.324686" m_d="0.998574" m_tx="1.721076" m_ty="0.000932"/>
  </frame>
  <frame idx="2875" w="1076" h="1652" x="-90.265182" y="-997.145752">
   <element name="symbol0" layername="opalamulet_fx" frame="0" z_index="4" m_a="-0.257604" m_b="-0.966251" m_c="0.966251" m_d="-0.257604" m_tx="0.000000" m_ty="0.000000"/>
   <element name="symbol0" layername="opalamuletback_fx" frame="1" z_index="3" m_a="1.006153" m_b="-0.269785" m_c="0.269785" m_d="1.006153" m_tx="1.721076" m_ty="0.000932"/>
  </frame>
  <frame idx="2900" w="1034" h="1670" x="-86.810905" y="-971.569031">
   <element name="symbol0" layername="opalamulet_fx" frame="0" z_index="4" m_a="-0.206927" m_b="-0.978356" m_c="0.978356" m_d="-0.206927" m_tx="0.000000" m_ty="0.000000"/>
   <element name="symbol0" layername="opalamuletback_fx" frame="1" z_index="3" m_a="1.010744" m_b="-0.214987" m_c="0.214987" m_d="1.010744" m_tx="1.721076" m_ty="0.000932"/>
  </frame>
  <frame idx="2925" w="989" h="1682" x="-82.850098" y="-943.233521">
   <element name="symbol0" layername="opalamulet_fx" frame="0" z_index="4" m_a="-0.155689" m_b="-0.987806" m_c="0.987806" m_d="-0.155689" m_tx="0.000000" m_ty="0.000000"/>
   <element name="symbol0" layername="opalamuletback_fx" frame="1" z_index="3" m_a="1.012380" m_b="-0.160453" m_c="0.160453" m_d="1.012380" m_tx="1.721076" m_ty="0.000932"/>
  </frame>
  <frame idx="2950" w="943" h="1688" x="-79.382751" y="-912.218994">
   <element name="symbol0" layername="opalamulet_fx" frame="0" z_index="4" m_a="-0.104028" m_b="-0.994574" m_c="0.994574" m_d="-0.104028" m_tx="0.000000" m_ty="0.000000"/>
   <element name="symbol0" layername="opalamuletback_fx" frame="1" z_index="3" m_a="1.011101" m_b="-0.106342" m_c="0.106342" m_d="1.011101" m_tx="1.721076" m_ty="0.000932"/>
  </frame>
  <frame idx="2975" w="893" h="1690" x="-74.908859" y="-878.610657">
   <element name="symbol0" layername="opalamulet_fx" frame="0" z_index="4" m_a="-0.052085" m_b="-0.998643" m_c="0.998643" m_d="-0.052085" m_tx="0.000000" m_ty="0.000000"/>
   <element name="symbol0" layername="opalamuletback_fx" frame="1" z_index="3" m_a="1.006955" m_b="-0.052807" m_c="0.052807" m_d="1.006955" m_tx="1.721076" m_ty="0.000932"/>
  </frame>
 </anim>
</Anims>
