<Anims>
 <anim name="idle" root="opalamulet_ground" numframes="1000" framerate="40">
  <frame idx="0" w="288" h="150" x="1.160427" y="-3.784938">
   <element name="symbol0" layername="amulet" frame="0" z_index="6" m_a="3.000000" m_b="0.000000" m_c="0.000000" m_d="3.000000" m_tx="26.611217" m_ty="20.390728"/>
  </frame>
  <frame idx="25" w="288" h="150" x="1.160427" y="-3.784938">
   <element name="symbol0" layername="amulet" frame="0" z_index="6" m_a="3.000000" m_b="0.000000" m_c="0.000000" m_d="3.000000" m_tx="26.611217" m_ty="20.390728"/>
  </frame>
  <frame idx="50" w="288" h="150" x="1.160427" y="-3.784938">
   <element name="symbol0" layername="amulet" frame="0" z_index="6" m_a="3.000000" m_b="0.000000" m_c="0.000000" m_d="3.000000" m_tx="26.611217" m_ty="20.390728"/>
  </frame>
  <frame idx="75" w="288" h="150" x="1.160427" y="-3.784938">
   <element name="symbol0" layername="amulet" frame="0" z_index="6" m_a="3.000000" m_b="0.000000" m_c="0.000000" m_d="3.000000" m_tx="26.611217" m_ty="20.390728"/>
  </frame>
  <frame idx="100" w="288" h="150" x="1.160427" y="-3.784938">
   <element name="symbol0" layername="amulet" frame="0" z_index="6" m_a="3.000000" m_b="0.000000" m_c="0.000000" m_d="3.000000" m_tx="26.611217" m_ty="20.390728"/>
  </frame>
  <frame idx="125" w="288" h="150" x="1.160427" y="-3.784938">
   <element name="symbol0" layername="amulet" frame="0" z_index="6" m_a="3.000000" m_b="0.000000" m_c="0.000000" m_d="3.000000" m_tx="26.611217" m_ty="20.390728"/>
  </frame>
  <frame idx="150" w="288" h="150" x="1.160427" y="-3.784938">
   <element name="symbol0" layername="amulet" frame="0" z_index="6" m_a="3.000000" m_b="0.000000" m_c="0.000000" m_d="3.000000" m_tx="26.611217" m_ty="20.390728"/>
  </frame>
  <frame idx="175" w="288" h="150" x="1.160427" y="-3.784938">
   <element name="symbol0" layername="amulet" frame="0" z_index="6" m_a="3.000000" m_b="0.000000" m_c="0.000000" m_d="3.000000" m_tx="26.611217" m_ty="20.390728"/>
  </frame>
  <frame idx="200" w="288" h="150" x="1.160427" y="-3.784938">
   <element name="symbol0" layername="amulet" frame="0" z_index="6" m_a="3.000000" m_b="0.000000" m_c="0.000000" m_d="3.000000" m_tx="26.611217" m_ty="20.390728"/>
  </frame>
  <frame idx="225" w="288" h="150" x="1.160427" y="-3.784938">
   <element name="symbol0" layername="amulet" frame="0" z_index="6" m_a="3.000000" m_b="0.000000" m_c="0.000000" m_d="3.000000" m_tx="26.611217" m_ty="20.390728"/>
  </frame>
  <frame idx="250" w="288" h="150" x="1.160427" y="-3.784938">
   <element name="symbol0" layername="amulet" frame="0" z_index="6" m_a="3.000000" m_b="0.000000" m_c="0.000000" m_d="3.000000" m_tx="26.611217" m_ty="20.390728"/>
  </frame>
  <frame idx="275" w="288" h="150" x="1.160427" y="-3.784938">
   <element name="symbol0" layername="amulet" frame="0" z_index="6" m_a="3.000000" m_b="0.000000" m_c="0.000000" m_d="3.000000" m_tx="26.611217" m_ty="20.390728"/>
  </frame>
  <frame idx="300" w="288" h="150" x="1.160427" y="-3.784938">
   <element name="symbol0" layername="amulet" frame="0" z_index="6" m_a="3.000000" m_b="0.000000" m_c="0.000000" m_d="3.000000" m_tx="26.611217" m_ty="20.390728"/>
  </frame>
  <frame idx="325" w="288" h="150" x="1.160427" y="-3.784938">
   <element name="symbol0" layername="amulet" frame="0" z_index="6" m_a="3.000000" m_b="0.000000" m_c="0.000000" m_d="3.000000" m_tx="26.611217" m_ty="20.390728"/>
  </frame>
  <frame idx="350" w="288" h="150" x="1.160427" y="-3.784938">
   <element name="symbol0" layername="amulet" frame="0" z_index="6" m_a="3.000000" m_b="0.000000" m_c="0.000000" m_d="3.000000" m_tx="26.611217" m_ty="20.390728"/>
  </frame>
  <frame idx="375" w="288" h="150" x="1.160427" y="-3.784938">
   <element name="symbol0" layername="amulet" frame="0" z_index="6" m_a="3.000000" m_b="0.000000" m_c="0.000000" m_d="3.000000" m_tx="26.611217" m_ty="20.390728"/>
  </frame>
  <frame idx="400" w="288" h="150" x="1.160427" y="-3.784938">
   <element name="symbol0" layername="amulet" frame="0" z_index="6" m_a="3.000000" m_b="0.000000" m_c="0.000000" m_d="3.000000" m_tx="26.611217" m_ty="20.390728"/>
  </frame>
  <frame idx="425" w="288" h="150" x="1.160427" y="-3.784938">
   <element name="symbol0" layername="amulet" frame="0" z_index="6" m_a="3.000000" m_b="0.000000" m_c="0.000000" m_d="3.000000" m_tx="26.611217" m_ty="20.390728"/>
  </frame>
  <frame idx="450" w="288" h="150" x="1.160427" y="-3.784938">
   <element name="symbol0" layername="amulet" frame="0" z_index="6" m_a="3.000000" m_b="0.000000" m_c="0.000000" m_d="3.000000" m_tx="26.611217" m_ty="20.390728"/>
  </frame>
  <frame idx="475" w="288" h="150" x="1.160427" y="-3.784938">
   <element name="symbol0" layername="amulet" frame="0" z_index="6" m_a="3.000000" m_b="0.000000" m_c="0.000000" m_d="3.000000" m_tx="26.611217" m_ty="20.390728"/>
  </frame>
  <frame idx="500" w="288" h="150" x="1.160427" y="-3.784938">
   <element name="symbol0" layername="amulet" frame="0" z_index="6" m_a="3.000000" m_b="0.000000" m_c="0.000000" m_d="3.000000" m_tx="26.611217" m_ty="20.390728"/>
  </frame>
  <frame idx="525" w="288" h="150" x="1.160427" y="-3.784938">
   <element name="symbol0" layername="amulet" frame="0" z_index="6" m_a="3.000000" m_b="0.000000" m_c="0.000000" m_d="3.000000" m_tx="26.611217" m_ty="20.390728"/>
  </frame>
  <frame idx="550" w="288" h="150" x="1.160427" y="-3.784938">
   <element name="symbol0" layername="amulet" frame="0" z_index="6" m_a="3.000000" m_b="0.000000" m_c="0.000000" m_d="3.000000" m_tx="26.611217" m_ty="20.390728"/>
  </frame>
  <frame idx="575" w="288" h="150" x="1.160427" y="-3.784938">
   <element name="symbol0" layername="amulet" frame="0" z_index="6" m_a="3.000000" m_b="0.000000" m_c="0.000000" m_d="3.000000" m_tx="26.611217" m_ty="20.390728"/>
  </frame>
  <frame idx="600" w="288" h="150" x="1.160427" y="-3.784938">
   <element name="symbol0" layername="amulet" frame="0" z_index="6" m_a="3.000000" m_b="0.000000" m_c="0.000000" m_d="3.000000" m_tx="26.611217" m_ty="20.390728"/>
  </frame>
  <frame idx="625" w="288" h="150" x="1.160427" y="-3.784938">
   <element name="symbol0" layername="amulet" frame="0" z_index="6" m_a="3.000000" m_b="0.000000" m_c="0.000000" m_d="3.000000" m_tx="26.611217" m_ty="20.390728"/>
  </frame>
  <frame idx="650" w="288" h="150" x="1.160427" y="-3.784938">
   <element name="symbol0" layername="amulet" frame="0" z_index="6" m_a="3.000000" m_b="0.000000" m_c="0.000000" m_d="3.000000" m_tx="26.611217" m_ty="20.390728"/>
  </frame>
  <frame idx="675" w="288" h="150" x="1.160427" y="-3.784938">
   <element name="symbol0" layername="amulet" frame="0" z_index="6" m_a="3.000000" m_b="0.000000" m_c="0.000000" m_d="3.000000" m_tx="26.611217" m_ty="20.390728"/>
  </frame>
  <frame idx="700" w="288" h="150" x="1.160427" y="-3.784938">
   <element name="symbol0" layername="amulet" frame="0" z_index="6" m_a="3.000000" m_b="0.000000" m_c="0.000000" m_d="3.000000" m_tx="26.611217" m_ty="20.390728"/>
  </frame>
  <frame idx="725" w="288" h="150" x="1.160427" y="-3.784938">
   <element name="symbol0" layername="amulet" frame="0" z_index="6" m_a="3.000000" m_b="0.000000" m_c="0.000000" m_d="3.000000" m_tx="26.611217" m_ty="20.390728"/>
  </frame>
  <frame idx="750" w="288" h="150" x="1.160427" y="-3.784938">
   <element name="symbol0" layername="amulet" frame="0" z_index="6" m_a="3.000000" m_b="0.000000" m_c="0.000000" m_d="3.000000" m_tx="26.611217" m_ty="20.390728"/>
  </frame>
  <frame idx="775" w="288" h="150" x="1.160427" y="-3.784938">
   <element name="symbol0" layername="amulet" frame="0" z_index="6" m_a="3.000000" m_b="0.000000" m_c="0.000000" m_d="3.000000" m_tx="26.611217" m_ty="20.390728"/>
  </frame>
  <frame idx="800" w="288" h="150" x="1.160427" y="-3.784938">
   <element name="symbol0" layername="amulet" frame="0" z_index="6" m_a="3.000000" m_b="0.000000" m_c="0.000000" m_d="3.000000" m_tx="26.611217" m_ty="20.390728"/>
  </frame>
  <frame idx="825" w="288" h="150" x="1.160427" y="-3.784938">
   <element name="symbol0" layername="amulet" frame="0" z_index="6" m_a="3.000000" m_b="0.000000" m_c="0.000000" m_d="3.000000" m_tx="26.611217" m_ty="20.390728"/>
  </frame>
  <frame idx="850" w="288" h="150" x="1.160427" y="-3.784938">
   <element name="symbol0" layername="amulet" frame="0" z_index="6" m_a="3.000000" m_b="0.000000" m_c="0.000000" m_d="3.000000" m_tx="26.611217" m_ty="20.390728"/>
  </frame>
  <frame idx="875" w="288" h="150" x="1.160427" y="-3.784938">
   <element name="symbol0" layername="amulet" frame="0" z_index="6" m_a="3.000000" m_b="0.000000" m_c="0.000000" m_d="3.000000" m_tx="26.611217" m_ty="20.390728"/>
  </frame>
  <frame idx="900" w="288" h="150" x="1.160427" y="-3.784938">
   <element name="symbol0" layername="amulet" frame="0" z_index="6" m_a="3.000000" m_b="0.000000" m_c="0.000000" m_d="3.000000" m_tx="26.611217" m_ty="20.390728"/>
  </frame>
  <frame idx="925" w="288" h="150" x="1.160427" y="-3.784938">
   <element name="symbol0" layername="amulet" frame="0" z_index="6" m_a="3.000000" m_b="0.000000" m_c="0.000000" m_d="3.000000" m_tx="26.611217" m_ty="20.390728"/>
  </frame>
  <frame idx="950" w="288" h="150" x="1.160427" y="-3.784938">
   <element name="symbol0" layername="amulet" frame="0" z_index="6" m_a="3.000000" m_b="0.000000" m_c="0.000000" m_d="3.000000" m_tx="26.611217" m_ty="20.390728"/>
  </frame>
  <frame idx="975" w="288" h="150" x="1.160427" y="-3.784938">
   <element name="symbol0" layername="amulet" frame="0" z_index="6" m_a="3.000000" m_b="0.000000" m_c="0.000000" m_d="3.000000" m_tx="26.611217" m_ty="20.390728"/>
  </frame>
 </anim>
 <anim name="idle_fullmoon" root="opalamulet_ground" numframes="1000" framerate="40">
  <frame idx="0" w="333" h="173" x="-39.664677" y="-24.780619">
   <element name="symbol0" layername="amulet" frame="0" z_index="6" m_a="3.000000" m_b="0.000000" m_c="0.000000" m_d="3.000000" m_tx="26.611217" m_ty="20.390728"/>
   <element name="symbol0" layername="light" frame="1" z_index="5" m_a="2.787534" m_b="0.000000" m_c="0.000000" m_d="3.000000" m_tx="-12.692269" m_ty="-10.357526"/>
  </frame>
  <frame idx="25" w="333" h="173" x="-39.685081" y="-24.773958">
   <element name="symbol0" layername="amulet" frame="0" z_index="6" m_a="3.000000" m_b="0.000000" m_c="0.000000" m_d="3.000000" m_tx="26.611217" m_ty="20.390728"/>
   <element name="symbol0" layername="light" frame="1" z_index="5" m_a="2.732180" m_b="0.000000" m_c="0.000000" m_d="2.939565" m_tx="-12.692269" m_ty="-10.349316"/>
  </frame>
  <frame idx="50" w="333" h="173" x="-39.705486" y="-24.767296">
   <element name="symbol0" layername="amulet" frame="0" z_index="6" m_a="3.000000" m_b="0.000000" m_c="0.000000" m_d="3.000000" m_tx="26.611217" m_ty="20.390728"/>
   <element name="symbol0" layername="light" frame="1" z_index="5" m_a="2.676827" m_b="0.000000" m_c="0.000000" m_d="2.879129" m_tx="-12.692269" m_ty="-10.341105"/>
  </frame>
  <frame idx="75" w="333" h="173" x="-39.725891" y="-24.760635">
   <element name="symbol0" layername="amulet" frame="0" z_index="6" m_a="3.000000" m_b="0.000000" m_c="0.000000" m_d="3.000000" m_tx="26.611217" m_ty="20.390728"/>
   <element name="symbol0" layername="light" frame="1" z_index="5" m_a="2.621473" m_b="0.000000" m_c="0.000000" m_d="2.818694" m_tx="-12.692269" m_ty="-10.332895"/>
  </frame>
  <frame idx="100" w="338" h="188" x="-43.473511" y="-38.267097">
   <element name="symbol0" layername="amulet" frame="0" z_index="6" m_a="3.000000" m_b="0.000000" m_c="0.000000" m_d="3.000000" m_tx="26.611217" m_ty="20.390728"/>
   <element name="symbol0" layername="light" frame="1" z_index="5" m_a="2.566119" m_b="0.000000" m_c="0.000000" m_d="2.758259" m_tx="-12.692269" m_ty="-10.324685"/>
   <element name="symbol0" layername="trail" frame="2" z_index="4" m_a="1.891720" m_b="0.000000" m_c="0.000000" m_d="3.000000" m_tx="-14.885196" m_ty="-40.000000"/>
  </frame>
  <frame idx="125" w="338" h="207" x="-43.464371" y="-55.830826">
   <element name="symbol0" layername="amulet" frame="0" z_index="6" m_a="3.000000" m_b="0.000000" m_c="0.000000" m_d="3.000000" m_tx="26.611217" m_ty="20.390728"/>
   <element name="symbol0" layername="light" frame="1" z_index="5" m_a="2.510766" m_b="0.000000" m_c="0.000000" m_d="2.697824" m_tx="-12.692269" m_ty="-10.316475"/>
   <element name="symbol0" layername="trail" frame="2" z_index="4" m_a="1.708073" m_b="0.000000" m_c="0.000000" m_d="3.383965" m_tx="-14.884630" m_ty="-58.333332"/>
  </frame>
  <frame idx="150" w="338" h="226" x="-43.455231" y="-73.394554">
   <element name="symbol0" layername="amulet" frame="0" z_index="6" m_a="3.000000" m_b="0.000000" m_c="0.000000" m_d="3.000000" m_tx="26.611217" m_ty="20.390728"/>
   <element name="symbol0" layername="light" frame="1" z_index="5" m_a="2.455412" m_b="0.000000" m_c="0.000000" m_d="2.637388" m_tx="-12.692269" m_ty="-10.308265"/>
   <element name="symbol0" layername="trail" frame="2" z_index="4" m_a="1.524426" m_b="0.000000" m_c="0.000000" m_d="3.767930" m_tx="-14.884064" m_ty="-76.666664"/>
  </frame>
  <frame idx="175" w="338" h="245" x="-43.446091" y="-90.958282">
   <element name="symbol0" layername="amulet" frame="0" z_index="6" m_a="3.000000" m_b="0.000000" m_c="0.000000" m_d="3.000000" m_tx="26.611217" m_ty="20.390728"/>
   <element name="symbol0" layername="light" frame="1" z_index="5" m_a="2.400059" m_b="0.000000" m_c="0.000000" m_d="2.576953" m_tx="-12.692269" m_ty="-10.300055"/>
   <element name="symbol0" layername="trail" frame="2" z_index="4" m_a="1.340780" m_b="0.000000" m_c="0.000000" m_d="4.151895" m_tx="-14.883498" m_ty="-95.000000"/>
  </frame>
  <frame idx="200" w="338" h="264" x="-43.436951" y="-108.522018">
   <element name="symbol0" layername="amulet" frame="0" z_index="6" m_a="3.000000" m_b="0.000000" m_c="0.000000" m_d="3.000000" m_tx="26.611217" m_ty="20.390728"/>
   <element name="symbol0" layername="light" frame="1" z_index="5" m_a="2.344705" m_b="0.000000" m_c="0.000000" m_d="2.516518" m_tx="-12.692269" m_ty="-10.291844"/>
   <element name="symbol0" layername="trail" frame="2" z_index="4" m_a="1.157133" m_b="0.000000" m_c="0.000000" m_d="4.535860" m_tx="-14.882933" m_ty="-113.333336"/>
  </frame>
  <frame idx="225" w="338" h="284" x="-43.427811" y="-126.585747">
   <element name="symbol0" layername="amulet" frame="0" z_index="6" m_a="3.000000" m_b="0.000000" m_c="0.000000" m_d="3.000000" m_tx="26.611217" m_ty="20.390728"/>
   <element name="symbol0" layername="light" frame="1" z_index="5" m_a="2.289351" m_b="0.000000" m_c="0.000000" m_d="2.456083" m_tx="-12.692269" m_ty="-10.283634"/>
   <element name="symbol0" layername="trail" frame="2" z_index="4" m_a="0.973486" m_b="0.000000" m_c="0.000000" m_d="4.919825" m_tx="-14.882366" m_ty="-131.666672"/>
  </frame>
  <frame idx="250" w="338" h="303" x="-43.418674" y="-144.149475">
   <element name="symbol0" layername="amulet" frame="0" z_index="6" m_a="3.000000" m_b="0.000000" m_c="0.000000" m_d="3.000000" m_tx="26.611217" m_ty="20.390728"/>
   <element name="symbol0" layername="light" frame="1" z_index="5" m_a="2.233998" m_b="0.000000" m_c="0.000000" m_d="2.395648" m_tx="-12.692269" m_ty="-10.275424"/>
   <element name="symbol0" layername="trail" frame="2" z_index="4" m_a="0.789839" m_b="0.000000" m_c="0.000000" m_d="5.303790" m_tx="-14.881801" m_ty="-150.000000"/>
   <element name="symbol0" layername="trail" frame="2" z_index="3" m_a="1.855126" m_b="0.000000" m_c="0.000000" m_d="2.055924" m_tx="-7.345514" m_ty="-20.306534"/>
  </frame>
  <frame idx="275" w="338" h="306" x="-43.418674" y="-147.273041">
   <element name="symbol0" layername="amulet" frame="0" z_index="6" m_a="3.000000" m_b="0.000000" m_c="0.000000" m_d="3.000000" m_tx="26.611217" m_ty="20.390728"/>
   <element name="symbol0" layername="light" frame="1" z_index="5" m_a="2.178644" m_b="0.000000" m_c="0.000000" m_d="2.335212" m_tx="-12.692269" m_ty="-10.267214"/>
   <element name="symbol0" layername="trail" frame="2" z_index="4" m_a="0.789839" m_b="0.000000" m_c="0.000000" m_d="4.775354" m_tx="-14.881801" m_ty="-150.000000"/>
   <element name="symbol0" layername="trail" frame="2" z_index="3" m_a="1.732649" m_b="0.000000" m_c="0.000000" m_d="2.270749" m_tx="-7.345514" m_ty="-30.275881"/>
  </frame>
  <frame idx="300" w="338" h="311" x="-43.418674" y="-150.896606">
   <element name="symbol0" layername="amulet" frame="0" z_index="6" m_a="3.000000" m_b="0.000000" m_c="0.000000" m_d="3.000000" m_tx="26.611217" m_ty="20.390728"/>
   <element name="symbol0" layername="light" frame="1" z_index="5" m_a="2.123290" m_b="0.000000" m_c="0.000000" m_d="2.274777" m_tx="-12.692269" m_ty="-10.259004"/>
   <element name="symbol0" layername="trail" frame="2" z_index="4" m_a="0.789839" m_b="0.000000" m_c="0.000000" m_d="4.246918" m_tx="-14.881801" m_ty="-150.000000"/>
   <element name="symbol0" layername="trail" frame="2" z_index="3" m_a="1.610172" m_b="0.000000" m_c="0.000000" m_d="2.485574" m_tx="-7.345514" m_ty="-40.245228"/>
  </frame>
  <frame idx="325" w="338" h="315" x="-43.418674" y="-154.520187">
   <element name="symbol0" layername="amulet" frame="0" z_index="6" m_a="3.000000" m_b="0.000000" m_c="0.000000" m_d="3.000000" m_tx="26.611217" m_ty="20.390728"/>
   <element name="symbol0" layername="light" frame="1" z_index="5" m_a="2.067937" m_b="0.000000" m_c="0.000000" m_d="2.214342" m_tx="-12.692269" m_ty="-10.250793"/>
   <element name="symbol0" layername="trail" frame="2" z_index="4" m_a="0.789839" m_b="0.000000" m_c="0.000000" m_d="3.718481" m_tx="-14.881801" m_ty="-150.000000"/>
   <element name="symbol0" layername="trail" frame="2" z_index="3" m_a="1.487695" m_b="0.000000" m_c="0.000000" m_d="2.700400" m_tx="-7.345514" m_ty="-50.214577"/>
  </frame>
  <frame idx="350" w="338" h="318" x="-43.418674" y="-157.643753">
   <element name="symbol0" layername="amulet" frame="0" z_index="6" m_a="3.000000" m_b="0.000000" m_c="0.000000" m_d="3.000000" m_tx="26.611217" m_ty="20.390728"/>
   <element name="symbol0" layername="light" frame="1" z_index="5" m_a="2.012583" m_b="0.000000" m_c="0.000000" m_d="2.153907" m_tx="-12.692269" m_ty="-10.242583"/>
   <element name="symbol0" layername="trail" frame="2" z_index="4" m_a="0.789839" m_b="0.000000" m_c="0.000000" m_d="3.190045" m_tx="-14.881801" m_ty="-150.000000"/>
   <element name="symbol0" layername="trail" frame="2" z_index="3" m_a="1.365218" m_b="0.000000" m_c="0.000000" m_d="2.915225" m_tx="-7.345514" m_ty="-60.183922"/>
  </frame>
  <frame idx="375" w="338" h="322" x="-43.418674" y="-161.267319">
   <element name="symbol0" layername="amulet" frame="0" z_index="6" m_a="3.000000" m_b="0.000000" m_c="0.000000" m_d="3.000000" m_tx="26.611217" m_ty="20.390728"/>
   <element name="symbol0" layername="light" frame="1" z_index="5" m_a="1.957229" m_b="0.000000" m_c="0.000000" m_d="2.093471" m_tx="-12.692269" m_ty="-10.234373"/>
   <element name="symbol0" layername="trail" frame="2" z_index="4" m_a="0.789839" m_b="0.000000" m_c="0.000000" m_d="2.661609" m_tx="-14.881801" m_ty="-150.000000"/>
   <element name="symbol0" layername="trail" frame="2" z_index="3" m_a="1.242741" m_b="0.000000" m_c="0.000000" m_d="3.130050" m_tx="-7.345514" m_ty="-70.153267"/>
  </frame>
  <frame idx="400" w="338" h="326" x="-43.418674" y="-164.890884">
   <element name="symbol0" layername="amulet" frame="0" z_index="6" m_a="3.000000" m_b="0.000000" m_c="0.000000" m_d="3.000000" m_tx="26.611217" m_ty="20.390728"/>
   <element name="symbol0" layername="light" frame="1" z_index="5" m_a="1.901876" m_b="0.000000" m_c="0.000000" m_d="2.033036" m_tx="-12.692269" m_ty="-10.226163"/>
   <element name="symbol0" layername="trail" frame="2" z_index="4" m_a="0.789839" m_b="0.000000" m_c="0.000000" m_d="2.133173" m_tx="-14.881801" m_ty="-150.000000"/>
   <element name="symbol0" layername="trail" frame="2" z_index="3" m_a="1.120263" m_b="0.000000" m_c="0.000000" m_d="3.344875" m_tx="-7.345514" m_ty="-80.122620"/>
  </frame>
  <frame idx="425" w="338" h="329" x="-43.418674" y="-168.014450">
   <element name="symbol0" layername="amulet" frame="0" z_index="6" m_a="3.000000" m_b="0.000000" m_c="0.000000" m_d="3.000000" m_tx="26.611217" m_ty="20.390728"/>
   <element name="symbol0" layername="light" frame="1" z_index="5" m_a="1.846522" m_b="0.000000" m_c="0.000000" m_d="1.972601" m_tx="-12.692269" m_ty="-10.217953"/>
   <element name="symbol0" layername="trail" frame="2" z_index="4" m_a="0.789839" m_b="0.000000" m_c="0.000000" m_d="1.604737" m_tx="-14.881801" m_ty="-150.000000"/>
   <element name="symbol0" layername="trail" frame="2" z_index="3" m_a="0.997786" m_b="0.000000" m_c="0.000000" m_d="3.559700" m_tx="-7.345514" m_ty="-90.091957"/>
  </frame>
  <frame idx="450" w="338" h="333" x="-43.418674" y="-171.638031">
   <element name="symbol0" layername="amulet" frame="0" z_index="6" m_a="3.000000" m_b="0.000000" m_c="0.000000" m_d="3.000000" m_tx="26.611217" m_ty="20.390728"/>
   <element name="symbol0" layername="light" frame="1" z_index="5" m_a="1.791168" m_b="0.000000" m_c="0.000000" m_d="1.912166" m_tx="-12.692269" m_ty="-10.209743"/>
   <element name="symbol0" layername="trail" frame="2" z_index="4" m_a="0.789839" m_b="0.000000" m_c="0.000000" m_d="1.076300" m_tx="-14.881801" m_ty="-150.000000"/>
   <element name="symbol0" layername="trail" frame="2" z_index="3" m_a="0.875309" m_b="0.000000" m_c="0.000000" m_d="3.774526" m_tx="-7.345514" m_ty="-100.061310"/>
  </frame>
  <frame idx="475" w="338" h="336" x="-43.418674" y="-174.761597">
   <element name="symbol0" layername="amulet" frame="0" z_index="6" m_a="3.000000" m_b="0.000000" m_c="0.000000" m_d="3.000000" m_tx="26.611217" m_ty="20.390728"/>
   <element name="symbol0" layername="light" frame="1" z_index="5" m_a="1.735815" m_b="0.000000" m_c="0.000000" m_d="1.851730" m_tx="-12.692269" m_ty="-10.201532"/>
   <element name="symbol0" layername="trail" frame="2" z_index="4" m_a="0.789839" m_b="0.000000" m_c="0.000000" m_d="0.547864" m_tx="-14.881801" m_ty="-150.000000"/>
   <element name="symbol0" layername="trail" frame="2" z_index="3" m_a="0.752832" m_b="0.000000" m_c="0.000000" m_d="3.989351" m_tx="-7.345514" m_ty="-110.030647"/>
  </frame>
  <frame idx="500" w="338" h="341" x="-43.418674" y="-178.385162">
   <element name="symbol0" layername="amulet" frame="0" z_index="6" m_a="3.000000" m_b="0.000000" m_c="0.000000" m_d="3.000000" m_tx="26.611217" m_ty="20.390728"/>
   <element name="symbol0" layername="light" frame="1" z_index="5" m_a="1.680461" m_b="0.000000" m_c="0.000000" m_d="1.791295" m_tx="-12.692269" m_ty="-10.193322"/>
   <element name="symbol0" layername="trail" frame="2" z_index="4" m_a="0.789839" m_b="0.000000" m_c="0.000000" m_d="0.019428" m_tx="-14.881801" m_ty="-150.000000"/>
   <element name="symbol0" layername="trail" frame="2" z_index="3" m_a="0.630355" m_b="0.000000" m_c="0.000000" m_d="4.204176" m_tx="-7.345514" m_ty="-120.000000"/>
  </frame>
  <frame idx="525" w="338" h="333" x="-43.421310" y="-171.747208">
   <element name="symbol0" layername="amulet" frame="0" z_index="6" m_a="3.000000" m_b="0.000000" m_c="0.000000" m_d="3.000000" m_tx="26.611217" m_ty="20.390728"/>
   <element name="symbol0" layername="light" frame="1" z_index="5" m_a="1.735815" m_b="0.000000" m_c="0.000000" m_d="1.851730" m_tx="-12.692269" m_ty="-10.201532"/>
   <element name="symbol0" layername="trail" frame="2" z_index="6" m_a="0.842835" m_b="0.000000" m_c="0.000000" m_d="0.162782" m_tx="-14.881964" m_ty="-144.709412"/>
   <element name="symbol0" layername="trail" frame="2" z_index="4" m_a="0.603320" m_b="0.000000" m_c="0.000000" m_d="3.748128" m_tx="-7.345514" m_ty="-120.000000"/>
  </frame>
  <frame idx="550" w="338" h="326" x="-43.424057" y="-164.853531">
   <element name="symbol0" layername="amulet" frame="0" z_index="6" m_a="3.000000" m_b="0.000000" m_c="0.000000" m_d="3.000000" m_tx="26.611217" m_ty="20.390728"/>
   <element name="symbol0" layername="light" frame="1" z_index="5" m_a="1.791168" m_b="0.000000" m_c="0.000000" m_d="1.912166" m_tx="-12.692269" m_ty="-10.209743"/>
   <element name="symbol0" layername="trail" frame="2" z_index="6" m_a="0.898040" m_b="0.000000" m_c="0.000000" m_d="0.312109" m_tx="-14.882134" m_ty="-139.198395"/>
   <element name="symbol0" layername="trail" frame="2" z_index="4" m_a="0.575158" m_b="0.000000" m_c="0.000000" m_d="3.273079" m_tx="-7.345514" m_ty="-120.000000"/>
  </frame>
  <frame idx="575" w="338" h="318" x="-43.426804" y="-157.459839">
   <element name="symbol0" layername="amulet" frame="0" z_index="6" m_a="3.000000" m_b="0.000000" m_c="0.000000" m_d="3.000000" m_tx="26.611217" m_ty="20.390728"/>
   <element name="symbol0" layername="light" frame="1" z_index="5" m_a="1.846522" m_b="0.000000" m_c="0.000000" m_d="1.972601" m_tx="-12.692269" m_ty="-10.217953"/>
   <element name="symbol0" layername="trail" frame="2" z_index="6" m_a="0.953244" m_b="0.000000" m_c="0.000000" m_d="0.461437" m_tx="-14.882304" m_ty="-133.687378"/>
   <element name="symbol0" layername="trail" frame="2" z_index="4" m_a="0.546997" m_b="0.000000" m_c="0.000000" m_d="2.798030" m_tx="-7.345514" m_ty="-120.000000"/>
  </frame>
  <frame idx="600" w="338" h="310" x="-43.429554" y="-150.566132">
   <element name="symbol0" layername="amulet" frame="0" z_index="6" m_a="3.000000" m_b="0.000000" m_c="0.000000" m_d="3.000000" m_tx="26.611217" m_ty="20.390728"/>
   <element name="symbol0" layername="light" frame="1" z_index="5" m_a="1.901876" m_b="0.000000" m_c="0.000000" m_d="2.033036" m_tx="-12.692269" m_ty="-10.226163"/>
   <element name="symbol0" layername="trail" frame="2" z_index="6" m_a="1.008449" m_b="0.000000" m_c="0.000000" m_d="0.610764" m_tx="-14.882474" m_ty="-128.176346"/>
   <element name="symbol0" layername="trail" frame="2" z_index="4" m_a="0.518835" m_b="0.000000" m_c="0.000000" m_d="2.322980" m_tx="-7.345514" m_ty="-120.000000"/>
  </frame>
  <frame idx="625" w="338" h="303" x="-43.432301" y="-143.672455">
   <element name="symbol0" layername="amulet" frame="0" z_index="6" m_a="3.000000" m_b="0.000000" m_c="0.000000" m_d="3.000000" m_tx="26.611217" m_ty="20.390728"/>
   <element name="symbol0" layername="light" frame="1" z_index="5" m_a="1.957229" m_b="0.000000" m_c="0.000000" m_d="2.093471" m_tx="-12.692269" m_ty="-10.234373"/>
   <element name="symbol0" layername="trail" frame="2" z_index="6" m_a="1.063653" m_b="0.000000" m_c="0.000000" m_d="0.760091" m_tx="-14.882645" m_ty="-122.665329"/>
   <element name="symbol0" layername="trail" frame="2" z_index="4" m_a="0.490674" m_b="0.000000" m_c="0.000000" m_d="1.847931" m_tx="-7.345514" m_ty="-120.000000"/>
  </frame>
  <frame idx="650" w="338" h="296" x="-43.435047" y="-136.884949">
   <element name="symbol0" layername="amulet" frame="0" z_index="6" m_a="3.000000" m_b="0.000000" m_c="0.000000" m_d="3.000000" m_tx="26.611217" m_ty="20.390728"/>
   <element name="symbol0" layername="light" frame="1" z_index="5" m_a="2.012583" m_b="0.000000" m_c="0.000000" m_d="2.153907" m_tx="-12.692269" m_ty="-10.242583"/>
   <element name="symbol0" layername="trail" frame="2" z_index="6" m_a="1.118858" m_b="0.000000" m_c="0.000000" m_d="0.909418" m_tx="-14.882814" m_ty="-117.154312"/>
   <element name="symbol0" layername="trail" frame="2" z_index="4" m_a="0.462512" m_b="0.000000" m_c="0.000000" m_d="1.372881" m_tx="-7.345514" m_ty="-120.000000"/>
  </frame>
  <frame idx="675" w="338" h="298" x="-43.437794" y="-139.692947">
   <element name="symbol0" layername="amulet" frame="0" z_index="6" m_a="3.000000" m_b="0.000000" m_c="0.000000" m_d="3.000000" m_tx="26.611217" m_ty="20.390728"/>
   <element name="symbol0" layername="light" frame="1" z_index="5" m_a="2.067937" m_b="0.000000" m_c="0.000000" m_d="2.214342" m_tx="-12.692269" m_ty="-10.250793"/>
   <element name="symbol0" layername="trail" frame="2" z_index="6" m_a="1.174062" m_b="0.000000" m_c="0.000000" m_d="1.058746" m_tx="-14.882984" m_ty="-111.643288"/>
   <element name="symbol0" layername="trail" frame="2" z_index="4" m_a="0.434350" m_b="0.000000" m_c="0.000000" m_d="0.897832" m_tx="-7.345514" m_ty="-120.000000"/>
  </frame>
  <frame idx="700" w="338" h="302" x="-43.440544" y="-143.000946">
   <element name="symbol0" layername="amulet" frame="0" z_index="6" m_a="3.000000" m_b="0.000000" m_c="0.000000" m_d="3.000000" m_tx="26.611217" m_ty="20.390728"/>
   <element name="symbol0" layername="light" frame="1" z_index="5" m_a="2.123290" m_b="0.000000" m_c="0.000000" m_d="2.274777" m_tx="-12.692269" m_ty="-10.259004"/>
   <element name="symbol0" layername="trail" frame="2" z_index="6" m_a="1.229267" m_b="0.000000" m_c="0.000000" m_d="1.208073" m_tx="-14.883155" m_ty="-106.132263"/>
   <element name="symbol0" layername="trail" frame="2" z_index="4" m_a="0.406189" m_b="0.000000" m_c="0.000000" m_d="0.422783" m_tx="-7.345514" m_ty="-120.000000"/>
  </frame>
  <frame idx="725" w="344" h="299" x="-49.516769" y="-140.667145">
   <element name="symbol0" layername="amulet" frame="0" z_index="6" m_a="3.000000" m_b="0.000000" m_c="0.000000" m_d="3.000000" m_tx="26.611217" m_ty="20.390728"/>
   <element name="symbol0" layername="light" frame="1" z_index="5" m_a="2.178644" m_b="0.000000" m_c="0.000000" m_d="2.335212" m_tx="-12.692269" m_ty="-10.267214"/>
   <element name="symbol0" layername="trail" frame="2" z_index="6" m_a="1.284471" m_b="0.000000" m_c="0.000000" m_d="1.357400" m_tx="-14.883325" m_ty="-100.621239"/>
   <element name="symbol0" layername="trail" frame="2" z_index="6" m_a="0.435744" m_b="0.000000" m_c="0.000000" m_d="0.198540" m_tx="-7.345514" m_ty="-116.840698"/>
   <element name="symbol0" layername="trail" frame="2" z_index="4" m_a="1.628376" m_b="0.000000" m_c="0.000000" m_d="2.128703" m_tx="-20.440752" m_ty="-24.204584"/>
  </frame>
  <frame idx="750" w="344" h="288" x="-49.511368" y="-129.893219">
   <element name="symbol0" layername="amulet" frame="0" z_index="6" m_a="3.000000" m_b="0.000000" m_c="0.000000" m_d="3.000000" m_tx="26.611217" m_ty="20.390728"/>
   <element name="symbol0" layername="light" frame="1" z_index="5" m_a="2.233998" m_b="0.000000" m_c="0.000000" m_d="2.395648" m_tx="-12.692269" m_ty="-10.275424"/>
   <element name="symbol0" layername="trail" frame="2" z_index="6" m_a="1.339675" m_b="0.000000" m_c="0.000000" m_d="1.506727" m_tx="-14.883494" m_ty="-95.110222"/>
   <element name="symbol0" layername="trail" frame="2" z_index="6" m_a="0.564779" m_b="0.000000" m_c="0.000000" m_d="0.367393" m_tx="-7.345514" m_ty="-108.064865"/>
   <element name="symbol0" layername="trail" frame="2" z_index="4" m_a="1.512658" m_b="0.000000" m_c="0.000000" m_d="2.439535" m_tx="-20.440752" m_ty="-35.032501"/>
  </frame>
  <frame idx="775" w="344" h="276" x="-49.505966" y="-119.119301">
   <element name="symbol0" layername="amulet" frame="0" z_index="6" m_a="3.000000" m_b="0.000000" m_c="0.000000" m_d="3.000000" m_tx="26.611217" m_ty="20.390728"/>
   <element name="symbol0" layername="light" frame="1" z_index="5" m_a="2.289351" m_b="0.000000" m_c="0.000000" m_d="2.456083" m_tx="-12.692269" m_ty="-10.283634"/>
   <element name="symbol0" layername="trail" frame="2" z_index="6" m_a="1.394880" m_b="0.000000" m_c="0.000000" m_d="1.656055" m_tx="-14.883665" m_ty="-89.599197"/>
   <element name="symbol0" layername="trail" frame="2" z_index="6" m_a="0.693814" m_b="0.000000" m_c="0.000000" m_d="0.536246" m_tx="-7.345514" m_ty="-99.289032"/>
   <element name="symbol0" layername="trail" frame="2" z_index="4" m_a="1.396939" m_b="0.000000" m_c="0.000000" m_d="2.750367" m_tx="-20.440752" m_ty="-45.860416"/>
  </frame>
  <frame idx="800" w="344" h="264" x="-49.500565" y="-108.345383">
   <element name="symbol0" layername="amulet" frame="0" z_index="6" m_a="3.000000" m_b="0.000000" m_c="0.000000" m_d="3.000000" m_tx="26.611217" m_ty="20.390728"/>
   <element name="symbol0" layername="light" frame="1" z_index="5" m_a="2.344705" m_b="0.000000" m_c="0.000000" m_d="2.516518" m_tx="-12.692269" m_ty="-10.291844"/>
   <element name="symbol0" layername="trail" frame="2" z_index="6" m_a="1.450084" m_b="0.000000" m_c="0.000000" m_d="1.805382" m_tx="-14.883835" m_ty="-84.088173"/>
   <element name="symbol0" layername="trail" frame="2" z_index="6" m_a="0.822849" m_b="0.000000" m_c="0.000000" m_d="0.705099" m_tx="-7.345514" m_ty="-90.513199"/>
   <element name="symbol0" layername="trail" frame="2" z_index="4" m_a="1.281221" m_b="0.000000" m_c="0.000000" m_d="3.061200" m_tx="-20.440752" m_ty="-56.688335"/>
  </frame>
  <frame idx="825" w="344" h="253" x="-49.495163" y="-98.071465">
   <element name="symbol0" layername="amulet" frame="0" z_index="6" m_a="3.000000" m_b="0.000000" m_c="0.000000" m_d="3.000000" m_tx="26.611217" m_ty="20.390728"/>
   <element name="symbol0" layername="light" frame="1" z_index="5" m_a="2.400059" m_b="0.000000" m_c="0.000000" m_d="2.576953" m_tx="-12.692269" m_ty="-10.300055"/>
   <element name="symbol0" layername="trail" frame="2" z_index="6" m_a="1.505289" m_b="0.000000" m_c="0.000000" m_d="1.954709" m_tx="-14.884006" m_ty="-78.577156"/>
   <element name="symbol0" layername="trail" frame="2" z_index="6" m_a="0.951883" m_b="0.000000" m_c="0.000000" m_d="0.873952" m_tx="-7.345514" m_ty="-81.737366"/>
   <element name="symbol0" layername="trail" frame="2" z_index="4" m_a="1.165503" m_b="0.000000" m_c="0.000000" m_d="3.372032" m_tx="-20.440752" m_ty="-67.516251"/>
  </frame>
  <frame idx="850" w="344" h="241" x="-49.489761" y="-87.297546">
   <element name="symbol0" layername="amulet" frame="0" z_index="6" m_a="3.000000" m_b="0.000000" m_c="0.000000" m_d="3.000000" m_tx="26.611217" m_ty="20.390728"/>
   <element name="symbol0" layername="light" frame="1" z_index="5" m_a="2.455412" m_b="0.000000" m_c="0.000000" m_d="2.637388" m_tx="-12.692269" m_ty="-10.308265"/>
   <element name="symbol0" layername="trail" frame="2" z_index="6" m_a="1.560493" m_b="0.000000" m_c="0.000000" m_d="2.104037" m_tx="-14.884175" m_ty="-73.066132"/>
   <element name="symbol0" layername="trail" frame="2" z_index="6" m_a="1.080918" m_b="0.000000" m_c="0.000000" m_d="1.042806" m_tx="-7.345514" m_ty="-72.961533"/>
   <element name="symbol0" layername="trail" frame="2" z_index="4" m_a="1.049785" m_b="0.000000" m_c="0.000000" m_d="3.682864" m_tx="-20.440752" m_ty="-78.344170"/>
  </frame>
  <frame idx="875" w="344" h="239" x="-49.484360" y="-85.565468">
   <element name="symbol0" layername="amulet" frame="0" z_index="6" m_a="3.000000" m_b="0.000000" m_c="0.000000" m_d="3.000000" m_tx="26.611217" m_ty="20.390728"/>
   <element name="symbol0" layername="light" frame="1" z_index="5" m_a="2.510766" m_b="0.000000" m_c="0.000000" m_d="2.697824" m_tx="-12.692269" m_ty="-10.316475"/>
   <element name="symbol0" layername="trail" frame="2" z_index="6" m_a="1.615698" m_b="0.000000" m_c="0.000000" m_d="2.253364" m_tx="-14.884345" m_ty="-67.555107"/>
   <element name="symbol0" layername="trail" frame="2" z_index="6" m_a="1.209953" m_b="0.000000" m_c="0.000000" m_d="1.211659" m_tx="-7.345514" m_ty="-64.185699"/>
   <element name="symbol0" layername="trail" frame="2" z_index="4" m_a="0.934067" m_b="0.000000" m_c="0.000000" m_d="3.993697" m_tx="-20.440752" m_ty="-89.172081"/>
  </frame>
  <frame idx="900" w="344" h="250" x="-49.478958" y="-95.556068">
   <element name="symbol0" layername="amulet" frame="0" z_index="6" m_a="3.000000" m_b="0.000000" m_c="0.000000" m_d="3.000000" m_tx="26.611217" m_ty="20.390728"/>
   <element name="symbol0" layername="light" frame="1" z_index="5" m_a="2.566119" m_b="0.000000" m_c="0.000000" m_d="2.758259" m_tx="-12.692269" m_ty="-10.324685"/>
   <element name="symbol0" layername="trail" frame="2" z_index="6" m_a="1.670902" m_b="0.000000" m_c="0.000000" m_d="2.402691" m_tx="-14.884516" m_ty="-62.044090"/>
   <element name="symbol0" layername="trail" frame="2" z_index="6" m_a="1.338987" m_b="0.000000" m_c="0.000000" m_d="1.380512" m_tx="-7.345514" m_ty="-55.409866"/>
   <element name="symbol0" layername="trail" frame="2" z_index="4" m_a="0.818349" m_b="0.000000" m_c="0.000000" m_d="4.304529" m_tx="-20.440752" m_ty="-100.000000"/>
  </frame>
  <frame idx="925" w="344" h="257" x="-49.473026" y="-102.307312">
   <element name="symbol0" layername="amulet" frame="0" z_index="6" m_a="3.000000" m_b="0.000000" m_c="0.000000" m_d="3.000000" m_tx="26.611217" m_ty="20.390728"/>
   <element name="symbol0" layername="light" frame="1" z_index="5" m_a="2.621473" m_b="0.000000" m_c="0.000000" m_d="2.818694" m_tx="-12.692269" m_ty="-10.332895"/>
   <element name="symbol0" layername="trail" frame="2" z_index="6" m_a="1.726107" m_b="0.000000" m_c="0.000000" m_d="2.552018" m_tx="-14.884686" m_ty="-56.533070"/>
   <element name="symbol0" layername="trail" frame="2" z_index="6" m_a="1.468022" m_b="0.000000" m_c="0.000000" m_d="1.549365" m_tx="-7.345514" m_ty="-46.634033"/>
   <element name="symbol0" layername="trail" frame="2" z_index="4" m_a="0.691350" m_b="0.000000" m_c="0.000000" m_d="3.246963" m_tx="-20.440752" m_ty="-100.000000"/>
  </frame>
  <frame idx="950" w="344" h="266" x="-49.467098" y="-109.558548">
   <element name="symbol0" layername="amulet" frame="0" z_index="6" m_a="3.000000" m_b="0.000000" m_c="0.000000" m_d="3.000000" m_tx="26.611217" m_ty="20.390728"/>
   <element name="symbol0" layername="light" frame="1" z_index="5" m_a="2.676827" m_b="0.000000" m_c="0.000000" m_d="2.879129" m_tx="-12.692269" m_ty="-10.341105"/>
   <element name="symbol0" layername="trail" frame="2" z_index="6" m_a="1.781311" m_b="0.000000" m_c="0.000000" m_d="2.701345" m_tx="-14.884855" m_ty="-51.022045"/>
   <element name="symbol0" layername="trail" frame="2" z_index="6" m_a="1.597057" m_b="0.000000" m_c="0.000000" m_d="1.718218" m_tx="-7.345514" m_ty="-37.858200"/>
   <element name="symbol0" layername="trail" frame="2" z_index="4" m_a="0.564352" m_b="0.000000" m_c="0.000000" m_d="2.189397" m_tx="-20.440752" m_ty="-100.000000"/>
  </frame>
  <frame idx="975" w="344" h="273" x="-49.461170" y="-116.309784">
   <element name="symbol0" layername="amulet" frame="0" z_index="6" m_a="3.000000" m_b="0.000000" m_c="0.000000" m_d="3.000000" m_tx="26.611217" m_ty="20.390728"/>
   <element name="symbol0" layername="light" frame="1" z_index="5" m_a="2.732180" m_b="0.000000" m_c="0.000000" m_d="2.939565" m_tx="-12.692269" m_ty="-10.349316"/>
   <element name="symbol0" layername="trail" frame="2" z_index="6" m_a="1.836516" m_b="0.000000" m_c="0.000000" m_d="2.850673" m_tx="-14.885026" m_ty="-45.511024"/>
   <element name="symbol0" layername="trail" frame="2" z_index="6" m_a="1.726091" m_b="0.000000" m_c="0.000000" m_d="1.887071" m_tx="-7.345514" m_ty="-29.082369"/>
   <element name="symbol0" layername="trail" frame="2" z_index="4" m_a="0.437353" m_b="0.000000" m_c="0.000000" m_d="1.131831" m_tx="-20.440752" m_ty="-100.000000"/>
  </frame>
 </anim>
</Anims>
