<Anims>
 <anim name="idle" root="carpetpink" numframes="1000" framerate="40">
  <frame idx="0" w="45" h="538" x="17.283600" y="-110.906387">
   <element name="carpetpink" layername="timeline_0" frame="0" z_index="1" m_a="0.774911" m_b="0.632070" m_c="-0.632070" m_d="0.774911" m_tx="3.000000" m_ty="-246.000000"/>
  </frame>
  <frame idx="25" w="45" h="538" x="17.283600" y="-110.906387">
   <element name="carpetpink" layername="timeline_0" frame="0" z_index="1" m_a="0.774911" m_b="0.632070" m_c="-0.632070" m_d="0.774911" m_tx="3.000000" m_ty="-246.000000"/>
  </frame>
  <frame idx="50" w="45" h="538" x="17.283600" y="-110.906387">
   <element name="carpetpink" layername="timeline_0" frame="0" z_index="1" m_a="0.774911" m_b="0.632070" m_c="-0.632070" m_d="0.774911" m_tx="3.000000" m_ty="-246.000000"/>
  </frame>
  <frame idx="75" w="45" h="538" x="17.283600" y="-110.906387">
   <element name="carpetpink" layername="timeline_0" frame="0" z_index="1" m_a="0.774911" m_b="0.632070" m_c="-0.632070" m_d="0.774911" m_tx="3.000000" m_ty="-246.000000"/>
  </frame>
  <frame idx="100" w="45" h="538" x="17.283600" y="-110.906387">
   <element name="carpetpink" layername="timeline_0" frame="0" z_index="1" m_a="0.774911" m_b="0.632070" m_c="-0.632070" m_d="0.774911" m_tx="3.000000" m_ty="-246.000000"/>
  </frame>
  <frame idx="125" w="45" h="538" x="17.283600" y="-110.906387">
   <element name="carpetpink" layername="timeline_0" frame="0" z_index="1" m_a="0.774911" m_b="0.632070" m_c="-0.632070" m_d="0.774911" m_tx="3.000000" m_ty="-246.000000"/>
  </frame>
  <frame idx="150" w="45" h="538" x="17.283600" y="-110.906387">
   <element name="carpetpink" layername="timeline_0" frame="0" z_index="1" m_a="0.774911" m_b="0.632070" m_c="-0.632070" m_d="0.774911" m_tx="3.000000" m_ty="-246.000000"/>
  </frame>
  <frame idx="175" w="45" h="538" x="17.283600" y="-110.906387">
   <element name="carpetpink" layername="timeline_0" frame="0" z_index="1" m_a="0.774911" m_b="0.632070" m_c="-0.632070" m_d="0.774911" m_tx="3.000000" m_ty="-246.000000"/>
  </frame>
  <frame idx="200" w="45" h="538" x="17.283600" y="-110.906387">
   <element name="carpetpink" layername="timeline_0" frame="0" z_index="1" m_a="0.774911" m_b="0.632070" m_c="-0.632070" m_d="0.774911" m_tx="3.000000" m_ty="-246.000000"/>
  </frame>
  <frame idx="225" w="45" h="538" x="17.283600" y="-110.906387">
   <element name="carpetpink" layername="timeline_0" frame="0" z_index="1" m_a="0.774911" m_b="0.632070" m_c="-0.632070" m_d="0.774911" m_tx="3.000000" m_ty="-246.000000"/>
  </frame>
  <frame idx="250" w="45" h="538" x="17.283600" y="-110.906387">
   <element name="carpetpink" layername="timeline_0" frame="0" z_index="1" m_a="0.774911" m_b="0.632070" m_c="-0.632070" m_d="0.774911" m_tx="3.000000" m_ty="-246.000000"/>
  </frame>
  <frame idx="275" w="45" h="538" x="17.283600" y="-110.906387">
   <element name="carpetpink" layername="timeline_0" frame="0" z_index="1" m_a="0.774911" m_b="0.632070" m_c="-0.632070" m_d="0.774911" m_tx="3.000000" m_ty="-246.000000"/>
  </frame>
  <frame idx="300" w="45" h="538" x="17.283600" y="-110.906387">
   <element name="carpetpink" layername="timeline_0" frame="0" z_index="1" m_a="0.774911" m_b="0.632070" m_c="-0.632070" m_d="0.774911" m_tx="3.000000" m_ty="-246.000000"/>
  </frame>
  <frame idx="325" w="45" h="538" x="17.283600" y="-110.906387">
   <element name="carpetpink" layername="timeline_0" frame="0" z_index="1" m_a="0.774911" m_b="0.632070" m_c="-0.632070" m_d="0.774911" m_tx="3.000000" m_ty="-246.000000"/>
  </frame>
  <frame idx="350" w="45" h="538" x="17.283600" y="-110.906387">
   <element name="carpetpink" layername="timeline_0" frame="0" z_index="1" m_a="0.774911" m_b="0.632070" m_c="-0.632070" m_d="0.774911" m_tx="3.000000" m_ty="-246.000000"/>
  </frame>
  <frame idx="375" w="45" h="538" x="17.283600" y="-110.906387">
   <element name="carpetpink" layername="timeline_0" frame="0" z_index="1" m_a="0.774911" m_b="0.632070" m_c="-0.632070" m_d="0.774911" m_tx="3.000000" m_ty="-246.000000"/>
  </frame>
  <frame idx="400" w="45" h="538" x="17.283600" y="-110.906387">
   <element name="carpetpink" layername="timeline_0" frame="0" z_index="1" m_a="0.774911" m_b="0.632070" m_c="-0.632070" m_d="0.774911" m_tx="3.000000" m_ty="-246.000000"/>
  </frame>
  <frame idx="425" w="45" h="538" x="17.283600" y="-110.906387">
   <element name="carpetpink" layername="timeline_0" frame="0" z_index="1" m_a="0.774911" m_b="0.632070" m_c="-0.632070" m_d="0.774911" m_tx="3.000000" m_ty="-246.000000"/>
  </frame>
  <frame idx="450" w="45" h="538" x="17.283600" y="-110.906387">
   <element name="carpetpink" layername="timeline_0" frame="0" z_index="1" m_a="0.774911" m_b="0.632070" m_c="-0.632070" m_d="0.774911" m_tx="3.000000" m_ty="-246.000000"/>
  </frame>
  <frame idx="475" w="45" h="538" x="17.283600" y="-110.906387">
   <element name="carpetpink" layername="timeline_0" frame="0" z_index="1" m_a="0.774911" m_b="0.632070" m_c="-0.632070" m_d="0.774911" m_tx="3.000000" m_ty="-246.000000"/>
  </frame>
  <frame idx="500" w="45" h="538" x="17.283600" y="-110.906387">
   <element name="carpetpink" layername="timeline_0" frame="0" z_index="1" m_a="0.774911" m_b="0.632070" m_c="-0.632070" m_d="0.774911" m_tx="3.000000" m_ty="-246.000000"/>
  </frame>
  <frame idx="525" w="45" h="538" x="17.283600" y="-110.906387">
   <element name="carpetpink" layername="timeline_0" frame="0" z_index="1" m_a="0.774911" m_b="0.632070" m_c="-0.632070" m_d="0.774911" m_tx="3.000000" m_ty="-246.000000"/>
  </frame>
  <frame idx="550" w="45" h="538" x="17.283600" y="-110.906387">
   <element name="carpetpink" layername="timeline_0" frame="0" z_index="1" m_a="0.774911" m_b="0.632070" m_c="-0.632070" m_d="0.774911" m_tx="3.000000" m_ty="-246.000000"/>
  </frame>
  <frame idx="575" w="45" h="538" x="17.283600" y="-110.906387">
   <element name="carpetpink" layername="timeline_0" frame="0" z_index="1" m_a="0.774911" m_b="0.632070" m_c="-0.632070" m_d="0.774911" m_tx="3.000000" m_ty="-246.000000"/>
  </frame>
  <frame idx="600" w="45" h="538" x="17.283600" y="-110.906387">
   <element name="carpetpink" layername="timeline_0" frame="0" z_index="1" m_a="0.774911" m_b="0.632070" m_c="-0.632070" m_d="0.774911" m_tx="3.000000" m_ty="-246.000000"/>
  </frame>
  <frame idx="625" w="45" h="538" x="17.283600" y="-110.906387">
   <element name="carpetpink" layername="timeline_0" frame="0" z_index="1" m_a="0.774911" m_b="0.632070" m_c="-0.632070" m_d="0.774911" m_tx="3.000000" m_ty="-246.000000"/>
  </frame>
  <frame idx="650" w="45" h="538" x="17.283600" y="-110.906387">
   <element name="carpetpink" layername="timeline_0" frame="0" z_index="1" m_a="0.774911" m_b="0.632070" m_c="-0.632070" m_d="0.774911" m_tx="3.000000" m_ty="-246.000000"/>
  </frame>
  <frame idx="675" w="45" h="538" x="17.283600" y="-110.906387">
   <element name="carpetpink" layername="timeline_0" frame="0" z_index="1" m_a="0.774911" m_b="0.632070" m_c="-0.632070" m_d="0.774911" m_tx="3.000000" m_ty="-246.000000"/>
  </frame>
  <frame idx="700" w="45" h="538" x="17.283600" y="-110.906387">
   <element name="carpetpink" layername="timeline_0" frame="0" z_index="1" m_a="0.774911" m_b="0.632070" m_c="-0.632070" m_d="0.774911" m_tx="3.000000" m_ty="-246.000000"/>
  </frame>
  <frame idx="725" w="45" h="538" x="17.283600" y="-110.906387">
   <element name="carpetpink" layername="timeline_0" frame="0" z_index="1" m_a="0.774911" m_b="0.632070" m_c="-0.632070" m_d="0.774911" m_tx="3.000000" m_ty="-246.000000"/>
  </frame>
  <frame idx="750" w="45" h="538" x="17.283600" y="-110.906387">
   <element name="carpetpink" layername="timeline_0" frame="0" z_index="1" m_a="0.774911" m_b="0.632070" m_c="-0.632070" m_d="0.774911" m_tx="3.000000" m_ty="-246.000000"/>
  </frame>
  <frame idx="775" w="45" h="538" x="17.283600" y="-110.906387">
   <element name="carpetpink" layername="timeline_0" frame="0" z_index="1" m_a="0.774911" m_b="0.632070" m_c="-0.632070" m_d="0.774911" m_tx="3.000000" m_ty="-246.000000"/>
  </frame>
  <frame idx="800" w="45" h="538" x="17.283600" y="-110.906387">
   <element name="carpetpink" layername="timeline_0" frame="0" z_index="1" m_a="0.774911" m_b="0.632070" m_c="-0.632070" m_d="0.774911" m_tx="3.000000" m_ty="-246.000000"/>
  </frame>
  <frame idx="825" w="45" h="538" x="17.283600" y="-110.906387">
   <element name="carpetpink" layername="timeline_0" frame="0" z_index="1" m_a="0.774911" m_b="0.632070" m_c="-0.632070" m_d="0.774911" m_tx="3.000000" m_ty="-246.000000"/>
  </frame>
  <frame idx="850" w="45" h="538" x="17.283600" y="-110.906387">
   <element name="carpetpink" layername="timeline_0" frame="0" z_index="1" m_a="0.774911" m_b="0.632070" m_c="-0.632070" m_d="0.774911" m_tx="3.000000" m_ty="-246.000000"/>
  </frame>
  <frame idx="875" w="45" h="538" x="17.283600" y="-110.906387">
   <element name="carpetpink" layername="timeline_0" frame="0" z_index="1" m_a="0.774911" m_b="0.632070" m_c="-0.632070" m_d="0.774911" m_tx="3.000000" m_ty="-246.000000"/>
  </frame>
  <frame idx="900" w="45" h="538" x="17.283600" y="-110.906387">
   <element name="carpetpink" layername="timeline_0" frame="0" z_index="1" m_a="0.774911" m_b="0.632070" m_c="-0.632070" m_d="0.774911" m_tx="3.000000" m_ty="-246.000000"/>
  </frame>
  <frame idx="925" w="45" h="538" x="17.283600" y="-110.906387">
   <element name="carpetpink" layername="timeline_0" frame="0" z_index="1" m_a="0.774911" m_b="0.632070" m_c="-0.632070" m_d="0.774911" m_tx="3.000000" m_ty="-246.000000"/>
  </frame>
  <frame idx="950" w="45" h="538" x="17.283600" y="-110.906387">
   <element name="carpetpink" layername="timeline_0" frame="0" z_index="1" m_a="0.774911" m_b="0.632070" m_c="-0.632070" m_d="0.774911" m_tx="3.000000" m_ty="-246.000000"/>
  </frame>
  <frame idx="975" w="45" h="538" x="17.283600" y="-110.906387">
   <element name="carpetpink" layername="timeline_0" frame="0" z_index="1" m_a="0.774911" m_b="0.632070" m_c="-0.632070" m_d="0.774911" m_tx="3.000000" m_ty="-246.000000"/>
  </frame>
 </anim>
</Anims>
