<Anims>
 <anim name="fx" root="shadow_upgrade" numframes="800" framerate="40">
  <frame idx="0" w="368" h="477" x="-182.068619" y="-237.539642">
   <element name="flame_inside" layername="flame_inside" frame="5" z_index="1" m_a="-0.055992" m_b="-0.540714" m_c="-0.675987" m_d="0.070000" m_tx="158.000000" m_ty="-28.250000"/>
   <element name="flame_inside" layername="flame_inside" frame="5" z_index="2" m_a="0.462168" m_b="-0.515761" m_c="0.607925" m_d="0.544755" m_tx="-108.250000" m_ty="-105.300003"/>
   <element name="flame_inside" layername="flame_inside_2" frame="5" z_index="3" m_a="0.081934" m_b="-0.614028" m_c="0.654187" m_d="0.087293" m_tx="-147.699997" m_ty="-32.700001"/>
   <element name="flame_inside" layername="flame_inside_3" frame="5" z_index="4" m_a="-0.330552" m_b="-0.445755" m_c="-0.510881" m_d="0.378847" m_tx="128.550003" m_ty="-86.650002"/>
   <element name="flame_inside" layername="flame_inside_4" frame="5" z_index="5" m_a="0.642033" m_b="0.238949" m_c="-0.266484" m_d="0.716018" m_tx="50.049999" m_ty="-141.850006"/>
   <element name="flame_inside" layername="flame_inside_5" frame="5" z_index="6" m_a="0.623339" m_b="-0.154869" m_c="0.204243" m_d="0.822063" m_tx="-28.250000" m_ty="-154.750000"/>
   <element name="flame_inside" layername="flame_inside_6" frame="5" z_index="7" m_a="0.054026" m_b="0.519638" m_c="0.675937" m_d="-0.070276" m_tx="-154.500000" m_ty="36.299999"/>
   <element name="flame_inside" layername="flame_inside_7" frame="5" z_index="8" m_a="-0.454760" m_b="0.507675" m_c="-0.595554" m_d="-0.533478" m_tx="111.349998" m_ty="109.250000"/>
   <element name="flame_inside" layername="flame_inside_8" frame="5" z_index="9" m_a="-0.079459" m_b="0.591738" m_c="-0.652824" m_d="-0.087662" m_tx="151.100006" m_ty="39.250000"/>
   <element name="flame_inside" layername="flame_inside_9" frame="5" z_index="10" m_a="0.321382" m_b="0.432915" m_c="0.506101" m_d="-0.375713" m_tx="-125.300003" m_ty="92.300003"/>
   <element name="flame_inside" layername="flame_inside_" frame="5" z_index="11" m_a="-0.635540" m_b="-0.235182" m_c="0.256287" m_d="-0.692572" m_tx="-47.049999" m_ty="145.000000"/>
   <element name="flame_inside" layername="flame_inside" frame="5" z_index="12" m_a="-0.622927" m_b="0.155082" m_c="-0.196824" m_d="-0.790594" m_tx="31.049999" m_ty="157.149994"/>
  </frame>
  <frame idx="25" w="368" h="475" x="-182.281677" y="-236.856918">
   <element name="flame_inside" layername="flame_inside" frame="5" z_index="1" m_a="-0.050058" m_b="-0.547661" m_c="-0.657499" m_d="0.060097" m_tx="158.012497" m_ty="-26.337500"/>
   <element name="flame_inside" layername="flame_inside" frame="5" z_index="2" m_a="0.473800" m_b="-0.516109" m_c="0.584192" m_d="0.536302" m_tx="-106.675003" m_ty="-106.350006"/>
   <element name="flame_inside" layername="flame_inside_2" frame="5" z_index="3" m_a="0.090358" m_b="-0.620143" m_c="0.634479" m_d="0.092447" m_tx="-146.975006" m_ty="-34.437500"/>
   <element name="flame_inside" layername="flame_inside_3" frame="5" z_index="4" m_a="-0.328951" m_b="-0.454942" m_c="-0.500723" m_d="0.362054" m_tx="129.324997" m_ty="-84.937500"/>
   <element name="flame_inside" layername="flame_inside_4" frame="5" z_index="5" m_a="0.646560" m_b="0.249532" m_c="-0.267245" m_d="0.692454" m_tx="51.637501" m_ty="-140.887512"/>
   <element name="flame_inside" layername="flame_inside_5" frame="5" z_index="6" m_a="0.632444" m_b="-0.149074" m_c="0.188798" m_d="0.800970" m_tx="-26.287500" m_ty="-154.687500"/>
   <element name="flame_inside" layername="flame_inside_6" frame="5" z_index="7" m_a="0.048328" m_b="0.526320" m_c="0.657456" m_d="-0.060370" m_tx="-154.587494" m_ty="34.400002"/>
   <element name="flame_inside" layername="flame_inside_7" frame="5" z_index="8" m_a="-0.466207" m_b="0.508018" m_c="-0.572311" m_d="-0.525208" m_tx="109.724998" m_ty="110.312500"/>
   <element name="flame_inside" layername="flame_inside_8" frame="5" z_index="9" m_a="-0.087579" m_b="0.597628" m_c="-0.633154" m_d="-0.092785" m_tx="150.287506" m_ty="41.000000"/>
   <element name="flame_inside" layername="flame_inside_9" frame="5" z_index="10" m_a="0.319837" m_b="0.441842" m_c="0.496039" m_d="-0.359069" m_tx="-126.137497" m_ty="90.612503"/>
   <element name="flame_inside" layername="flame_inside_" frame="5" z_index="11" m_a="-0.640039" m_b="-0.245643" m_c="0.257064" m_d="-0.669797" m_tx="-48.674999" m_ty="144.062500"/>
   <element name="flame_inside" layername="flame_inside" frame="5" z_index="12" m_a="-0.632032" m_b="0.149295" m_c="-0.181961" m_d="-0.770318" m_tx="29.062500" m_ty="157.112488"/>
  </frame>
  <frame idx="50" w="369" h="473" x="-182.496536" y="-235.716507">
   <element name="flame_inside" layername="flame_inside" frame="5" z_index="1" m_a="-0.043965" m_b="-0.554543" m_c="-0.638874" m_d="0.050651" m_tx="158.024994" m_ty="-24.424999"/>
   <element name="flame_inside" layername="flame_inside" frame="5" z_index="2" m_a="0.485507" m_b="-0.516251" m_c="0.560753" m_d="0.527359" m_tx="-105.099998" m_ty="-107.400002"/>
   <element name="flame_inside" layername="flame_inside_2" frame="5" z_index="3" m_a="0.098942" m_b="-0.626143" m_c="0.614745" m_d="0.097141" m_tx="-146.250000" m_ty="-36.175003"/>
   <element name="flame_inside" layername="flame_inside_3" frame="5" z_index="4" m_a="-0.327176" m_b="-0.464154" m_c="-0.490238" m_d="0.345562" m_tx="130.100006" m_ty="-83.225006"/>
   <element name="flame_inside" layername="flame_inside_4" frame="5" z_index="5" m_a="0.650924" m_b="0.260259" m_c="-0.267478" m_d="0.668979" m_tx="53.224998" m_ty="-139.925003"/>
   <element name="flame_inside" layername="flame_inside_5" frame="5" z_index="6" m_a="0.641499" m_b="-0.143082" m_c="0.173891" m_d="0.779629" m_tx="-24.325001" m_ty="-154.625000"/>
   <element name="flame_inside" layername="flame_inside_6" frame="5" z_index="7" m_a="0.042478" m_b="0.532939" m_c="0.638838" m_d="-0.050919" m_tx="-154.675003" m_ty="32.500000"/>
   <element name="flame_inside" layername="flame_inside_7" frame="5" z_index="8" m_a="-0.477727" m_b="0.508159" m_c="-0.549357" m_d="-0.516458" m_tx="108.099998" m_ty="111.375000"/>
   <element name="flame_inside" layername="flame_inside_8" frame="5" z_index="9" m_a="-0.095851" m_b="0.603407" m_c="-0.613459" m_d="-0.097447" m_tx="149.475006" m_ty="42.750000"/>
   <element name="flame_inside" layername="flame_inside_9" frame="5" z_index="10" m_a="0.318123" m_b="0.450793" m_c="0.485653" m_d="-0.342724" m_tx="-126.974998" m_ty="88.925003"/>
   <element name="flame_inside" layername="flame_inside_" frame="5" z_index="11" m_a="-0.644378" m_b="-0.256247" m_c="0.257331" m_d="-0.647106" m_tx="-50.299999" m_ty="143.125000"/>
   <element name="flame_inside" layername="flame_inside" frame="5" z_index="12" m_a="-0.641087" m_b="0.143312" m_c="-0.167615" m_d="-0.749802" m_tx="27.075001" m_ty="157.074997"/>
  </frame>
  <frame idx="75" w="369" h="471" x="-182.713104" y="-235.118057">
   <element name="flame_inside" layername="flame_inside" frame="5" z_index="1" m_a="-0.037714" m_b="-0.561357" m_c="-0.620119" m_d="0.041661" m_tx="158.037506" m_ty="-22.512501"/>
   <element name="flame_inside" layername="flame_inside" frame="5" z_index="2" m_a="0.497285" m_b="-0.516185" m_c="0.537617" m_d="0.517932" m_tx="-103.524994" m_ty="-108.449997"/>
   <element name="flame_inside" layername="flame_inside_2" frame="5" z_index="3" m_a="0.107682" m_b="-0.632026" m_c="0.594993" m_d="0.101373" m_tx="-145.524994" m_ty="-37.912502"/>
   <element name="flame_inside" layername="flame_inside_3" frame="5" z_index="4" m_a="-0.325227" m_b="-0.473390" m_c="-0.479430" m_d="0.329377" m_tx="130.875000" m_ty="-81.512505"/>
   <element name="flame_inside" layername="flame_inside_4" frame="5" z_index="5" m_a="0.655122" m_b="0.271126" m_c="-0.267186" m_d="0.645601" m_tx="54.812500" m_ty="-138.962494"/>
   <element name="flame_inside" layername="flame_inside_5" frame="5" z_index="6" m_a="0.650500" m_b="-0.136893" m_c="0.159525" m_d="0.758048" m_tx="-22.362499" m_ty="-154.562500"/>
   <element name="flame_inside" layername="flame_inside_6" frame="5" z_index="7" m_a="0.036476" m_b="0.539493" m_c="0.620090" m_d="-0.041925" m_tx="-154.762512" m_ty="30.600000"/>
   <element name="flame_inside" layername="flame_inside_7" frame="5" z_index="8" m_a="-0.489318" m_b="0.508095" m_c="-0.526698" m_d="-0.507233" m_tx="106.474998" m_ty="112.437500"/>
   <element name="flame_inside" layername="flame_inside_8" frame="5" z_index="9" m_a="-0.104275" m_b="0.609073" m_c="-0.593745" m_d="-0.101651" m_tx="148.662506" m_ty="44.500000"/>
   <element name="flame_inside" layername="flame_inside_9" frame="5" z_index="10" m_a="0.316240" m_b="0.459767" m_c="0.474947" m_d="-0.326682" m_tx="-127.812500" m_ty="87.237503"/>
   <element name="flame_inside" layername="flame_inside_" frame="5" z_index="11" m_a="-0.648552" m_b="-0.266990" m_c="0.257091" m_d="-0.624508" m_tx="-51.924999" m_ty="142.187500"/>
   <element name="flame_inside" layername="flame_inside" frame="5" z_index="12" m_a="-0.650089" m_b="0.137132" m_c="-0.153789" m_d="-0.729056" m_tx="25.087500" m_ty="157.037506"/>
  </frame>
  <frame idx="100" w="370" h="470" x="-182.931351" y="-234.561264">
   <element name="flame_inside" layername="flame_inside" frame="5" z_index="1" m_a="-0.031304" m_b="-0.568100" m_c="-0.601243" m_d="0.033130" m_tx="158.050003" m_ty="-20.600000"/>
   <element name="flame_inside" layername="flame_inside" frame="5" z_index="2" m_a="0.509130" m_b="-0.515909" m_c="0.514791" m_d="0.508027" m_tx="-101.949997" m_ty="-109.500000"/>
   <element name="flame_inside" layername="flame_inside_2" frame="5" z_index="3" m_a="0.116579" m_b="-0.637788" m_c="0.575231" m_d="0.105144" m_tx="-144.800003" m_ty="-39.650002"/>
   <element name="flame_inside" layername="flame_inside_3" frame="5" z_index="4" m_a="-0.323102" m_b="-0.482644" m_c="-0.468306" m_d="0.313503" m_tx="131.649994" m_ty="-79.800003"/>
   <element name="flame_inside" layername="flame_inside_4" frame="5" z_index="5" m_a="0.659152" m_b="0.282131" m_c="-0.266371" m_d="0.622330" m_tx="56.400002" m_ty="-138.000000"/>
   <element name="flame_inside" layername="flame_inside_5" frame="5" z_index="6" m_a="0.659444" m_b="-0.130508" m_c="0.145706" m_d="0.736238" m_tx="-20.400000" m_ty="-154.500000"/>
   <element name="flame_inside" layername="flame_inside_6" frame="5" z_index="7" m_a="0.030321" m_b="0.545979" m_c="0.601222" m_d="-0.033389" m_tx="-154.850006" m_ty="28.700001"/>
   <element name="flame_inside" layername="flame_inside_7" frame="5" z_index="8" m_a="-0.500975" m_b="0.507824" m_c="-0.504343" m_d="-0.497541" m_tx="104.849998" m_ty="113.500000"/>
   <element name="flame_inside" layername="flame_inside_8" frame="5" z_index="9" m_a="-0.112848" m_b="0.614622" m_c="-0.574022" m_d="-0.105394" m_tx="147.850006" m_ty="46.250000"/>
   <element name="flame_inside" layername="flame_inside_9" frame="5" z_index="10" m_a="0.314186" m_b="0.468759" m_c="0.463928" m_d="-0.310948" m_tx="-128.649994" m_ty="85.550003"/>
   <element name="flame_inside" layername="flame_inside_" frame="5" z_index="11" m_a="-0.652561" m_b="-0.277870" m_c="0.256345" m_d="-0.602012" m_tx="-53.549999" m_ty="141.250000"/>
   <element name="flame_inside" layername="flame_inside" frame="5" z_index="12" m_a="-0.659034" m_b="0.130755" m_c="-0.140488" m_d="-0.708089" m_tx="23.100000" m_ty="157.000000"/>
  </frame>
  <frame idx="125" w="369" h="470" x="-182.693436" y="-234.510986">
   <element name="flame_inside" layername="flame_inside" frame="5" z_index="1" m_a="-0.032483" m_b="-0.568017" m_c="-0.605890" m_d="0.034649" m_tx="157.865662" m_ty="-21.259119"/>
   <element name="flame_inside" layername="flame_inside" frame="5" z_index="2" m_a="0.508051" m_b="-0.516949" m_c="0.519889" m_d="0.510941" m_tx="-101.754654" m_ty="-109.500221"/>
   <element name="flame_inside" layername="flame_inside_2" frame="5" z_index="3" m_a="0.115256" m_b="-0.638012" m_c="0.579968" m_d="0.104771" m_tx="-144.692917" m_ty="-39.732002"/>
   <element name="flame_inside" layername="flame_inside_3" frame="5" z_index="4" m_a="-0.324097" m_b="-0.481961" m_c="-0.471324" m_d="0.316944" m_tx="131.207245" m_ty="-80.296326"/>
   <element name="flame_inside" layername="flame_inside_4" frame="5" z_index="5" m_a="0.659720" m_b="0.280758" m_c="-0.267162" m_d="0.627772" m_tx="56.530804" m_ty="-137.789932"/>
   <element name="flame_inside" layername="flame_inside_5" frame="5" z_index="6" m_a="0.659156" m_b="-0.131869" m_c="0.148385" m_d="0.741717" m_tx="-20.282440" m_ty="-154.386322"/>
   <element name="flame_inside" layername="flame_inside_6" frame="5" z_index="7" m_a="0.031448" m_b="0.545898" m_c="0.605869" m_d="-0.034903" m_tx="-154.641373" m_ty="29.343904"/>
   <element name="flame_inside" layername="flame_inside_7" frame="5" z_index="8" m_a="-0.499909" m_b="0.508849" m_c="-0.509339" m_d="-0.500391" m_tx="104.674240" m_ty="113.520935"/>
   <element name="flame_inside" layername="flame_inside_8" frame="5" z_index="9" m_a="-0.111576" m_b="0.614834" m_c="-0.578745" m_d="-0.105027" m_tx="147.769196" m_ty="46.316048"/>
   <element name="flame_inside" layername="flame_inside_9" frame="5" z_index="10" m_a="0.315144" m_b="0.468097" m_c="0.466921" m_d="-0.314353" m_tx="-128.183868" m_ty="86.046394"/>
   <element name="flame_inside" layername="flame_inside_" frame="5" z_index="11" m_a="-0.653117" m_b="-0.276509" m_c="0.257101" m_d="-0.607275" m_tx="-53.653076" m_ty="141.058807"/>
   <element name="flame_inside" layername="flame_inside" frame="5" z_index="12" m_a="-0.658742" m_b="0.132117" m_c="-0.143070" m_d="-0.713351" m_tx="23.002129" m_ty="156.894119"/>
  </frame>
  <frame idx="150" w="369" h="470" x="-182.463760" y="-234.474533">
   <element name="flame_inside" layername="flame_inside" frame="5" z_index="1" m_a="-0.033662" m_b="-0.567932" m_c="-0.610533" m_d="0.036187" m_tx="157.689468" m_ty="-21.921358"/>
   <element name="flame_inside" layername="flame_inside" frame="5" z_index="2" m_a="0.506970" m_b="-0.517986" m_c="0.525002" m_d="0.513837" m_tx="-101.571594" m_ty="-109.507996"/>
   <element name="flame_inside" layername="flame_inside_2" frame="5" z_index="3" m_a="0.113934" m_b="-0.638233" m_c="0.584706" m_d="0.104378" m_tx="-144.597656" m_ty="-39.813480"/>
   <element name="flame_inside" layername="flame_inside_3" frame="5" z_index="4" m_a="-0.325090" m_b="-0.481277" m_c="-0.474331" m_d="0.320398" m_tx="130.769455" m_ty="-80.798965"/>
   <element name="flame_inside" layername="flame_inside_4" frame="5" z_index="5" m_a="0.660285" m_b="0.279384" m_c="-0.267932" m_d="0.633220" m_tx="56.664017" m_ty="-137.593262"/>
   <element name="flame_inside" layername="flame_inside_5" frame="5" z_index="6" m_a="0.658865" m_b="-0.133229" m_c="0.151088" m_d="0.747188" m_tx="-20.170982" m_ty="-154.286072"/>
   <element name="flame_inside" layername="flame_inside_6" frame="5" z_index="7" m_a="0.032575" m_b="0.545816" m_c="0.610513" m_d="-0.036436" m_tx="-154.440948" m_ty="29.990923"/>
   <element name="flame_inside" layername="flame_inside_7" frame="5" z_index="8" m_a="-0.498841" m_b="0.509871" m_c="-0.514350" m_d="-0.503223" m_tx="104.510521" m_ty="113.549271"/>
   <element name="flame_inside" layername="flame_inside_8" frame="5" z_index="9" m_a="-0.110303" m_b="0.615043" m_c="-0.583468" m_d="-0.104641" m_tx="147.700134" m_ty="46.381569"/>
   <element name="flame_inside" layername="flame_inside_9" frame="5" z_index="10" m_a="0.316101" m_b="0.467433" m_c="0.469901" m_d="-0.317771" m_tx="-127.722687" m_ty="86.549057"/>
   <element name="flame_inside" layername="flame_inside_" frame="5" z_index="11" m_a="-0.653671" m_b="-0.275147" m_c="0.257835" m_d="-0.612543" m_tx="-53.758476" m_ty="140.880630"/>
   <element name="flame_inside" layername="flame_inside" frame="5" z_index="12" m_a="-0.658448" m_b="0.133478" m_c="-0.145673" m_d="-0.718605" m_tx="22.910158" m_ty="156.801208"/>
  </frame>
  <frame idx="175" w="368" h="470" x="-182.242279" y="-234.451950">
   <element name="flame_inside" layername="flame_inside" frame="5" z_index="1" m_a="-0.034840" m_b="-0.567845" m_c="-0.615172" m_d="0.037744" m_tx="157.521393" m_ty="-22.586777"/>
   <element name="flame_inside" layername="flame_inside" frame="5" z_index="2" m_a="0.505887" m_b="-0.519021" m_c="0.530129" m_d="0.516714" m_tx="-101.400864" m_ty="-109.523262"/>
   <element name="flame_inside" layername="flame_inside_2" frame="5" z_index="3" m_a="0.112611" m_b="-0.638451" m_c="0.589445" m_d="0.103967" m_tx="-144.514236" m_ty="-39.894379"/>
   <element name="flame_inside" layername="flame_inside_3" frame="5" z_index="4" m_a="-0.326081" m_b="-0.480590" m_c="-0.477326" m_d="0.323867" m_tx="130.336548" m_ty="-81.307968"/>
   <element name="flame_inside" layername="flame_inside_4" frame="5" z_index="5" m_a="0.660848" m_b="0.278008" m_c="-0.268680" m_d="0.638674" m_tx="56.799568" m_ty="-137.410019"/>
   <element name="flame_inside" layername="flame_inside_5" frame="5" z_index="6" m_a="0.658572" m_b="-0.134588" m_c="0.153815" m_d="0.752651" m_tx="-20.065708" m_ty="-154.199249"/>
   <element name="flame_inside" layername="flame_inside_6" frame="5" z_index="7" m_a="0.033701" m_b="0.545731" m_c="0.615153" m_d="-0.037988" m_tx="-154.248718" m_ty="30.641109"/>
   <element name="flame_inside" layername="flame_inside_7" frame="5" z_index="8" m_a="-0.497771" m_b="0.510892" m_c="-0.519374" m_d="-0.506036" m_tx="104.358910" m_ty="113.584946"/>
   <element name="flame_inside" layername="flame_inside_8" frame="5" z_index="9" m_a="-0.109031" m_b="0.615250" m_c="-0.588193" m_d="-0.104236" m_tx="147.642792" m_ty="46.446503"/>
   <element name="flame_inside" layername="flame_inside_9" frame="5" z_index="10" m_a="0.317057" m_b="0.466767" m_c="0.472870" m_d="-0.321202" m_tx="-127.266418" m_ty="87.058022"/>
   <element name="flame_inside" layername="flame_inside_" frame="5" z_index="11" m_a="-0.654223" m_b="-0.273784" m_c="0.258549" m_d="-0.617817" m_tx="-53.866127" m_ty="140.715454"/>
   <element name="flame_inside" layername="flame_inside" frame="5" z_index="12" m_a="-0.658151" m_b="0.134839" m_c="-0.148299" m_d="-0.723852" m_tx="22.824160" m_ty="156.721237"/>
  </frame>
  <frame idx="200" w="362" h="466" x="-179.106796" y="-232.253326">
   <element name="flame_inside" layername="flame_inside" frame="6" z_index="1" m_a="-0.036019" m_b="-0.567755" m_c="-0.619808" m_d="0.039321" m_tx="157.274338" m_ty="-23.249907"/>
   <element name="flame_inside" layername="flame_inside" frame="6" z_index="2" m_a="0.504802" m_b="-0.520054" m_c="0.535270" m_d="0.519572" m_tx="-101.167328" m_ty="-109.472961"/>
   <element name="flame_inside" layername="flame_inside_2" frame="6" z_index="3" m_a="0.111287" m_b="-0.638667" m_c="0.594185" m_d="0.103536" m_tx="-144.359192" m_ty="-39.960083"/>
   <element name="flame_inside" layername="flame_inside_3" frame="6" z_index="4" m_a="-0.327072" m_b="-0.479901" m_c="-0.480308" m_d="0.327349" m_tx="129.841049" m_ty="-81.777382"/>
   <element name="flame_inside" layername="flame_inside_4" frame="6" z_index="5" m_a="0.661407" m_b="0.276632" m_c="-0.269407" m_d="0.644134" m_tx="56.899540" m_ty="-137.149734"/>
   <element name="flame_inside" layername="flame_inside_5" frame="6" z_index="6" m_a="0.658276" m_b="-0.135947" m_c="0.156564" m_d="0.758106" m_tx="-19.944702" m_ty="-154.019287"/>
   <element name="flame_inside" layername="flame_inside_6" frame="6" z_index="7" m_a="0.034827" m_b="0.545644" m_c="0.619790" m_d="-0.039560" m_tx="-153.977600" m_ty="31.288969"/>
   <element name="flame_inside" layername="flame_inside_7" frame="6" z_index="8" m_a="-0.496699" m_b="0.511910" m_c="-0.524412" m_d="-0.508830" m_tx="104.145782" m_ty="113.556396"/>
   <element name="flame_inside" layername="flame_inside_8" frame="6" z_index="9" m_a="-0.107757" m_b="0.615454" m_c="-0.592919" m_d="-0.103811" m_tx="147.513916" m_ty="46.496204"/>
   <element name="flame_inside" layername="flame_inside_9" frame="6" z_index="10" m_a="0.318011" m_b="0.466099" m_c="0.475827" m_d="-0.324648" m_tx="-126.748161" m_ty="87.527740"/>
   <element name="flame_inside" layername="flame_inside_" frame="6" z_index="11" m_a="-0.654771" m_b="-0.272421" m_c="0.259242" m_d="-0.623096" m_tx="-53.939541" m_ty="140.475815"/>
   <element name="flame_inside" layername="flame_inside" frame="6" z_index="12" m_a="-0.657851" m_b="0.136199" m_c="-0.150948" m_d="-0.729091" m_tx="22.723009" m_ty="156.551773"/>
  </frame>
  <frame idx="225" w="363" h="466" x="-179.475830" y="-232.345078">
   <element name="flame_inside" layername="flame_inside" frame="6" z_index="1" m_a="-0.036952" m_b="-0.564032" m_c="-0.628287" m_d="0.041161" m_tx="157.718781" m_ty="-23.621979"/>
   <element name="flame_inside" layername="flame_inside" frame="6" z_index="2" m_a="0.500486" m_b="-0.517748" m_c="0.543750" m_d="0.525621" m_tx="-101.838966" m_ty="-109.703651"/>
   <element name="flame_inside" layername="flame_inside_2" frame="6" z_index="3" m_a="0.109259" m_b="-0.634789" m_c="0.602605" m_d="0.103720" m_tx="-144.936691" m_ty="-39.762470"/>
   <element name="flame_inside" layername="flame_inside_3" frame="6" z_index="4" m_a="-0.325953" m_b="-0.476145" m_c="-0.486255" m_d="0.332874" m_tx="130.043411" m_ty="-82.326874"/>
   <element name="flame_inside" layername="flame_inside_4" frame="6" z_index="5" m_a="0.657722" m_b="0.273494" m_c="-0.271775" m_d="0.653589" m_tx="56.811363" m_ty="-137.797028"/>
   <element name="flame_inside" layername="flame_inside_5" frame="6" z_index="6" m_a="0.653764" m_b="-0.136427" m_c="0.160316" m_d="0.768242" m_tx="-20.385118" m_ty="-154.611938"/>
   <element name="flame_inside" layername="flame_inside_6" frame="6" z_index="7" m_a="0.035729" m_b="0.542061" m_c="0.628266" m_d="-0.041411" m_tx="-154.422104" m_ty="31.648977"/>
   <element name="flame_inside" layername="flame_inside_7" frame="6" z_index="8" m_a="-0.492454" m_b="0.509639" m_c="-0.532721" m_d="-0.514757" m_tx="104.804016" m_ty="113.749191"/>
   <element name="flame_inside" layername="flame_inside_8" frame="6" z_index="9" m_a="-0.105797" m_b="0.611718" m_c="-0.601325" m_d="-0.103999" m_tx="148.078644" m_ty="46.286510"/>
   <element name="flame_inside" layername="flame_inside_9" frame="6" z_index="10" m_a="0.316925" m_b="0.462446" m_c="0.481715" m_d="-0.330131" m_tx="-126.950195" m_ty="88.064850"/>
   <element name="flame_inside" layername="flame_inside_" frame="6" z_index="11" m_a="-0.651119" m_b="-0.269323" m_c="0.261515" m_d="-0.632242" m_tx="-53.851078" m_ty="141.109253"/>
   <element name="flame_inside" layername="flame_inside" frame="6" z_index="12" m_a="-0.653341" m_b="0.136677" m_c="-0.154564" m_d="-0.738839" m_tx="23.162870" m_ty="157.092834"/>
  </frame>
  <frame idx="250" w="363" h="466" x="-179.845016" y="-232.440094">
   <element name="flame_inside" layername="flame_inside" frame="6" z_index="1" m_a="-0.037869" m_b="-0.560307" m_c="-0.636762" m_d="0.043036" m_tx="158.163239" m_ty="-23.994190"/>
   <element name="flame_inside" layername="flame_inside" frame="6" z_index="2" m_a="0.496181" m_b="-0.515427" m_c="0.552258" m_d="0.531637" m_tx="-102.510681" m_ty="-109.934151"/>
   <element name="flame_inside" layername="flame_inside_2" frame="6" z_index="3" m_a="0.107248" m_b="-0.630905" m_c="0.611029" m_d="0.103869" m_tx="-145.514130" m_ty="-39.564705"/>
   <element name="flame_inside" layername="flame_inside_3" frame="6" z_index="4" m_a="-0.324820" m_b="-0.472396" m_c="-0.492181" m_d="0.338425" m_tx="130.245728" m_ty="-82.876503"/>
   <element name="flame_inside" layername="flame_inside_4" frame="6" z_index="5" m_a="0.654027" m_b="0.270372" m_c="-0.274104" m_d="0.663056" m_tx="56.723011" m_ty="-138.444351"/>
   <element name="flame_inside" layername="flame_inside_5" frame="6" z_index="6" m_a="0.649254" m_b="-0.136888" m_c="0.164110" m_d="0.778365" m_tx="-20.825705" m_ty="-155.204453"/>
   <element name="flame_inside" layername="flame_inside_6" frame="6" z_index="7" m_a="0.036615" m_b="0.538477" m_c="0.636737" m_d="-0.043297" m_tx="-154.866638" m_ty="32.009129"/>
   <element name="flame_inside" layername="flame_inside_7" frame="6" z_index="8" m_a="-0.488220" m_b="0.507353" m_c="-0.541057" m_d="-0.520652" m_tx="105.462334" m_ty="113.941803"/>
   <element name="flame_inside" layername="flame_inside_8" frame="6" z_index="9" m_a="-0.103852" m_b="0.607977" m_c="-0.609734" m_d="-0.104152" m_tx="148.643356" m_ty="46.076660"/>
   <element name="flame_inside" layername="flame_inside_9" frame="6" z_index="10" m_a="0.315826" m_b="0.458800" m_c="0.487583" m_d="-0.335639" m_tx="-127.152184" m_ty="88.602074"/>
   <element name="flame_inside" layername="flame_inside_" frame="6" z_index="11" m_a="-0.647457" m_b="-0.266241" m_c="0.263751" m_d="-0.641400" m_tx="-53.762432" m_ty="141.742691"/>
   <element name="flame_inside" layername="flame_inside" frame="6" z_index="12" m_a="-0.648831" m_b="0.137139" m_c="-0.158221" m_d="-0.748576" m_tx="23.602896" m_ty="157.633789"/>
  </frame>
  <frame idx="275" w="364" h="466" x="-180.214355" y="-232.538376">
   <element name="flame_inside" layername="flame_inside" frame="6" z_index="1" m_a="-0.038771" m_b="-0.556581" m_c="-0.645231" m_d="0.044947" m_tx="158.607697" m_ty="-24.366541"/>
   <element name="flame_inside" layername="flame_inside" frame="6" z_index="2" m_a="0.491888" m_b="-0.513089" m_c="0.560793" m_d="0.537620" m_tx="-103.182472" m_ty="-110.164490"/>
   <element name="flame_inside" layername="flame_inside_2" frame="6" z_index="3" m_a="0.105253" m_b="-0.627016" m_c="0.619456" m_d="0.103984" m_tx="-146.091537" m_ty="-39.366783"/>
   <element name="flame_inside" layername="flame_inside_3" frame="6" z_index="4" m_a="-0.323674" m_b="-0.468653" m_c="-0.498087" m_d="0.344002" m_tx="130.447998" m_ty="-83.426239"/>
   <element name="flame_inside" layername="flame_inside_4" frame="6" z_index="5" m_a="0.650322" m_b="0.267267" m_c="-0.276396" m_d="0.672536" m_tx="56.634472" m_ty="-139.091675"/>
   <element name="flame_inside" layername="flame_inside_5" frame="6" z_index="6" m_a="0.644744" m_b="-0.137332" m_c="0.167947" m_d="0.788476" m_tx="-21.266464" m_ty="-155.796890"/>
   <element name="flame_inside" layername="flame_inside_6" frame="6" z_index="7" m_a="0.037487" m_b="0.534892" m_c="0.645203" m_d="-0.045218" m_tx="-155.311203" m_ty="32.369415"/>
   <element name="flame_inside" layername="flame_inside_7" frame="6" z_index="8" m_a="-0.483998" m_b="0.505052" m_c="-0.549419" m_d="-0.526515" m_tx="106.120728" m_ty="114.134239"/>
   <element name="flame_inside" layername="flame_inside_8" frame="6" z_index="9" m_a="-0.101924" m_b="0.604231" m_c="-0.618146" m_d="-0.104271" m_tx="149.208038" m_ty="45.866657"/>
   <element name="flame_inside" layername="flame_inside_9" frame="6" z_index="10" m_a="0.314712" m_b="0.455160" m_c="0.493430" m_d="-0.341174" m_tx="-127.354118" m_ty="89.139435"/>
   <element name="flame_inside" layername="flame_inside_" frame="6" z_index="11" m_a="-0.643785" m_b="-0.263176" m_c="0.265950" m_d="-0.650570" m_tx="-53.673607" m_ty="142.376129"/>
   <element name="flame_inside" layername="flame_inside" frame="6" z_index="12" m_a="-0.644323" m_b="0.137581" m_c="-0.161918" m_d="-0.758300" m_tx="24.043083" m_ty="158.174652"/>
  </frame>
  <frame idx="300" w="365" h="467" x="-180.583786" y="-232.639938">
   <element name="flame_inside" layername="flame_inside" frame="6" z_index="1" m_a="-0.039658" m_b="-0.552854" m_c="-0.653695" m_d="0.046892" m_tx="159.052216" m_ty="-24.739031"/>
   <element name="flame_inside" layername="flame_inside" frame="6" z_index="2" m_a="0.487607" m_b="-0.510737" m_c="0.569355" m_d="0.543570" m_tx="-103.854347" m_ty="-110.394646"/>
   <element name="flame_inside" layername="flame_inside_2" frame="6" z_index="3" m_a="0.103274" m_b="-0.623122" m_c="0.627886" m_d="0.104064" m_tx="-146.668930" m_ty="-39.168705"/>
   <element name="flame_inside" layername="flame_inside_3" frame="6" z_index="4" m_a="-0.322513" m_b="-0.464917" m_c="-0.503971" m_d="0.349604" m_tx="130.650223" m_ty="-83.976105"/>
   <element name="flame_inside" layername="flame_inside_4" frame="6" z_index="5" m_a="0.646606" m_b="0.264178" m_c="-0.278650" m_d="0.682028" m_tx="56.545750" m_ty="-139.738983"/>
   <element name="flame_inside" layername="flame_inside_5" frame="6" z_index="6" m_a="0.640235" m_b="-0.137757" m_c="0.171827" m_d="0.798575" m_tx="-21.707394" m_ty="-156.389236"/>
   <element name="flame_inside" layername="flame_inside_6" frame="6" z_index="7" m_a="0.038345" m_b="0.531305" m_c="0.653664" m_d="-0.047175" m_tx="-155.755753" m_ty="32.729847"/>
   <element name="flame_inside" layername="flame_inside_7" frame="6" z_index="8" m_a="-0.479787" m_b="0.502736" m_c="-0.557808" m_d="-0.532345" m_tx="106.779190" m_ty="114.326508"/>
   <element name="flame_inside" layername="flame_inside_8" frame="6" z_index="9" m_a="-0.100012" m_b="0.600479" m_c="-0.626562" m_d="-0.104356" m_tx="149.772675" m_ty="45.656494"/>
   <element name="flame_inside" layername="flame_inside_9" frame="6" z_index="10" m_a="0.313585" m_b="0.451526" m_c="0.499257" m_d="-0.346734" m_tx="-127.556015" m_ty="89.676918"/>
   <element name="flame_inside" layername="flame_inside_" frame="6" z_index="11" m_a="-0.640103" m_b="-0.260127" m_c="0.268112" m_d="-0.659752" m_tx="-53.584610" m_ty="143.009583"/>
   <element name="flame_inside" layername="flame_inside" frame="6" z_index="12" m_a="-0.639816" m_b="0.138006" m_c="-0.165657" m_d="-0.768012" m_tx="24.483437" m_ty="158.715408"/>
  </frame>
  <frame idx="325" w="366" h="467" x="-181.042358" y="-232.839127">
   <element name="flame_inside" layername="flame_inside" frame="6" z_index="1" m_a="-0.040165" m_b="-0.550171" m_c="-0.659804" m_d="0.048169" m_tx="159.576691" m_ty="-25.091782"/>
   <element name="flame_inside" layername="flame_inside" frame="6" z_index="2" m_a="0.484638" m_b="-0.508915" m_c="0.575426" m_d="0.547976" m_tx="-104.382233" m_ty="-110.822166"/>
   <element name="flame_inside" layername="flame_inside_2" frame="6" z_index="3" m_a="0.101998" m_b="-0.620280" m_c="0.633940" m_d="0.104244" m_tx="-147.229370" m_ty="-39.193222"/>
   <element name="flame_inside" layername="flame_inside_3" frame="6" z_index="4" m_a="-0.321561" m_b="-0.462296" m_c="-0.508279" m_d="0.353546" m_tx="130.908920" m_ty="-84.532547"/>
   <element name="flame_inside" layername="flame_inside_4" frame="6" z_index="5" m_a="0.643854" m_b="0.262104" m_c="-0.280409" m_d="0.688821" m_tx="56.711811" m_ty="-140.355743"/>
   <element name="flame_inside" layername="flame_inside_5" frame="6" z_index="6" m_a="0.637008" m_b="-0.137909" m_c="0.174472" m_d="0.805896" m_tx="-21.930662" m_ty="-157.074127"/>
   <element name="flame_inside" layername="flame_inside_6" frame="6" z_index="7" m_a="0.038828" m_b="0.528729" m_c="0.659769" m_d="-0.048451" m_tx="-156.267899" m_ty="33.079075"/>
   <element name="flame_inside" layername="flame_inside_7" frame="6" z_index="8" m_a="-0.476865" m_b="0.500941" m_c="-0.563753" m_d="-0.536658" m_tx="107.316841" m_ty="114.723503"/>
   <element name="flame_inside" layername="flame_inside_8" frame="6" z_index="9" m_a="-0.098782" m_b="0.597746" m_c="-0.632607" m_d="-0.104543" m_tx="150.371017" m_ty="45.652081"/>
   <element name="flame_inside" layername="flame_inside_9" frame="6" z_index="10" m_a="0.312660" m_b="0.448981" m_c="0.503525" m_d="-0.350644" m_tx="-127.814621" m_ty="90.204857"/>
   <element name="flame_inside" layername="flame_inside_" frame="6" z_index="11" m_a="-0.637382" m_b="-0.258082" m_c="0.269799" m_d="-0.666319" m_tx="-53.733360" m_ty="143.593811"/>
   <element name="flame_inside" layername="flame_inside" frame="6" z_index="12" m_a="-0.636596" m_b="0.138151" m_c="-0.168199" m_d="-0.775053" m_tx="24.704384" m_ty="159.364349"/>
  </frame>
  <frame idx="350" w="368" h="467" x="-182.004608" y="-233.044037">
   <element name="flame_inside" layername="flame_inside" frame="6" z_index="1" m_a="-0.040666" m_b="-0.547487" m_c="-0.665910" m_d="0.049462" m_tx="160.104813" m_ty="-25.444422"/>
   <element name="flame_inside" layername="flame_inside" frame="6" z_index="2" m_a="0.481674" m_b="-0.507086" m_c="0.581508" m_d="0.552366" m_tx="-104.915024" m_ty="-111.251686"/>
   <element name="flame_inside" layername="flame_inside_2" frame="6" z_index="3" m_a="0.100729" m_b="-0.617436" m_c="0.639995" m_d="0.104409" m_tx="-147.794052" m_ty="-39.216740"/>
   <element name="flame_inside" layername="flame_inside_3" frame="6" z_index="4" m_a="-0.320604" m_b="-0.459679" m_c="-0.512578" m_d="0.357499" m_tx="131.170639" m_ty="-85.090538"/>
   <element name="flame_inside" layername="flame_inside_4" frame="6" z_index="5" m_a="0.641098" m_b="0.260037" m_c="-0.282151" m_d="0.695619" m_tx="56.877880" m_ty="-140.977478"/>
   <element name="flame_inside" layername="flame_inside_5" frame="6" z_index="6" m_a="0.633781" m_b="-0.138052" m_c="0.177136" m_d="0.813211" m_tx="-22.156837" m_ty="-157.763596"/>
   <element name="flame_inside" layername="flame_inside_6" frame="6" z_index="7" m_a="0.039305" m_b="0.526152" m_c="0.665873" m_d="-0.049742" m_tx="-156.783676" m_ty="33.428234"/>
   <element name="flame_inside" layername="flame_inside_7" frame="6" z_index="8" m_a="-0.473949" m_b="0.499141" m_c="-0.569709" m_d="-0.540956" m_tx="107.859299" m_ty="115.122452"/>
   <element name="flame_inside" layername="flame_inside_8" frame="6" z_index="9" m_a="-0.097560" m_b="0.595010" m_c="-0.638654" m_d="-0.104716" m_tx="150.973541" m_ty="45.646709"/>
   <element name="flame_inside" layername="flame_inside_9" frame="6" z_index="10" m_a="0.311729" m_b="0.446439" m_c="0.507785" m_d="-0.354565" m_tx="-128.076218" m_ty="90.734367"/>
   <element name="flame_inside" layername="flame_inside_" frame="6" z_index="11" m_a="-0.634657" m_b="-0.256045" m_c="0.271470" m_d="-0.672891" m_tx="-53.882084" m_ty="144.182877"/>
   <element name="flame_inside" layername="flame_inside" frame="6" z_index="12" m_a="-0.633376" m_b="0.138289" m_c="-0.170758" m_d="-0.782089" m_tx="24.928164" m_ty="160.017685"/>
  </frame>
  <frame idx="375" w="369" h="469" x="-182.470551" y="-233.754608">
   <element name="flame_inside" layername="flame_inside" frame="6" z_index="1" m_a="-0.041159" m_b="-0.544802" m_c="-0.672014" m_d="0.050770" m_tx="160.636536" m_ty="-25.796965"/>
   <element name="flame_inside" layername="flame_inside" frame="6" z_index="2" m_a="0.478715" m_b="-0.505251" m_c="0.587603" m_d="0.556742" m_tx="-105.452713" m_ty="-111.683174"/>
   <element name="flame_inside" layername="flame_inside_2" frame="6" z_index="3" m_a="0.099467" m_b="-0.614590" m_c="0.646051" m_d="0.104559" m_tx="-148.362930" m_ty="-39.239239"/>
   <element name="flame_inside" layername="flame_inside_3" frame="6" z_index="4" m_a="-0.319641" m_b="-0.457064" m_c="-0.516868" m_d="0.361464" m_tx="131.435349" m_ty="-85.650116"/>
   <element name="flame_inside" layername="flame_inside_4" frame="6" z_index="5" m_a="0.638338" m_b="0.257978" m_c="-0.283877" m_d="0.702423" m_tx="57.043926" m_ty="-141.604202"/>
   <element name="flame_inside" layername="flame_inside_5" frame="6" z_index="6" m_a="0.630555" m_b="-0.138188" m_c="0.179819" m_d="0.820521" m_tx="-22.385939" m_ty="-158.457611"/>
   <element name="flame_inside" layername="flame_inside_6" frame="6" z_index="7" m_a="0.039775" m_b="0.523575" m_c="0.671974" m_d="-0.051049" m_tx="-157.303085" m_ty="33.777328"/>
   <element name="flame_inside" layername="flame_inside_7" frame="6" z_index="8" m_a="-0.471038" m_b="0.497333" m_c="-0.575677" m_d="-0.545240" m_tx="108.406563" m_ty="115.523315"/>
   <element name="flame_inside" layername="flame_inside_8" frame="6" z_index="9" m_a="-0.096344" m_b="0.592272" m_c="-0.644701" m_d="-0.104873" m_tx="151.580261" m_ty="45.640369"/>
   <element name="flame_inside" layername="flame_inside_9" frame="6" z_index="10" m_a="0.310792" m_b="0.443900" m_c="0.512036" m_d="-0.358497" m_tx="-128.340759" m_ty="91.265450"/>
   <element name="flame_inside" layername="flame_inside_" frame="6" z_index="11" m_a="-0.631928" m_b="-0.254015" m_c="0.273125" m_d="-0.679468" m_tx="-54.030758" m_ty="144.776749"/>
   <element name="flame_inside" layername="flame_inside" frame="6" z_index="12" m_a="-0.630158" m_b="0.138418" m_c="-0.173335" m_d="-0.789119" m_tx="25.154799" m_ty="160.675369"/>
  </frame>
  <frame idx="400" w="368" h="463" x="-182.232483" y="-230.834305">
   <element name="flame_inside" layername="flame_inside" frame="7" z_index="1" m_a="-0.041667" m_b="-0.542159" m_c="-0.678012" m_d="0.052108" m_tx="161.038055" m_ty="-26.066357"/>
   <element name="flame_inside" layername="flame_inside" frame="7" z_index="2" m_a="0.475784" m_b="-0.503464" m_c="0.593638" m_d="0.561001" m_tx="-105.946426" m_ty="-111.926247"/>
   <element name="flame_inside" layername="flame_inside_2" frame="7" z_index="3" m_a="0.098202" m_b="-0.611794" m_c="0.652015" m_d="0.104658" m_tx="-148.818405" m_ty="-39.146095"/>
   <element name="flame_inside" layername="flame_inside_3" frame="7" z_index="4" m_a="-0.318711" m_b="-0.454479" m_c="-0.521058" m_d="0.365401" m_tx="131.639542" m_ty="-86.075111"/>
   <element name="flame_inside" layername="flame_inside_4" frame="7" z_index="5" m_a="0.635633" m_b="0.255926" m_c="-0.285520" m_d="0.709134" m_tx="57.055901" m_ty="-142.129044"/>
   <element name="flame_inside" layername="flame_inside_5" frame="7" z_index="6" m_a="0.627376" m_b="-0.138346" m_c="0.182520" m_d="0.827695" m_tx="-22.675917" m_ty="-158.965866"/>
   <element name="flame_inside" layername="flame_inside_6" frame="7" z_index="7" m_a="0.040259" m_b="0.521037" m_c="0.677969" m_d="-0.052385" m_tx="-157.692612" m_ty="34.046268"/>
   <element name="flame_inside" layername="flame_inside_7" frame="7" z_index="8" m_a="-0.468154" m_b="0.495573" m_c="-0.581587" m_d="-0.549409" m_tx="108.910515" m_ty="115.740631"/>
   <element name="flame_inside" layername="flame_inside_8" frame="7" z_index="9" m_a="-0.095125" m_b="0.589582" m_c="-0.650656" m_d="-0.104979" m_tx="152.072372" m_ty="45.524029"/>
   <element name="flame_inside" layername="flame_inside_9" frame="7" z_index="10" m_a="0.309888" m_b="0.441390" m_c="0.516188" m_d="-0.362402" m_tx="-128.543961" m_ty="91.666420"/>
   <element name="flame_inside" layername="flame_inside_" frame="7" z_index="11" m_a="-0.629253" m_b="-0.251993" m_c="0.274700" m_d="-0.685956" m_tx="-54.029362" m_ty="145.274124"/>
   <element name="flame_inside" layername="flame_inside" frame="7" z_index="12" m_a="-0.626985" m_b="0.138571" m_c="-0.175929" m_d="-0.796018" m_tx="25.442980" m_ty="161.155334"/>
  </frame>
  <frame idx="425" w="369" h="464" x="-182.347092" y="-231.023071">
   <element name="flame_inside" layername="flame_inside" frame="7" z_index="1" m_a="-0.042656" m_b="-0.540518" m_c="-0.681513" m_d="0.053783" m_tx="161.188782" m_ty="-26.415922"/>
   <element name="flame_inside" layername="flame_inside" frame="7" z_index="2" m_a="0.473392" m_b="-0.502996" m_c="0.597956" m_d="0.562763" m_tx="-106.372688" m_ty="-111.871803"/>
   <element name="flame_inside" layername="flame_inside_2" frame="7" z_index="3" m_a="0.096666" m_b="-0.610241" m_c="0.655706" m_d="0.103868" m_tx="-149.102417" m_ty="-38.852142"/>
   <element name="flame_inside" layername="flame_inside_3" frame="7" z_index="4" m_a="-0.318727" m_b="-0.452523" m_c="-0.523078" m_d="0.368421" m_tx="131.625076" m_ty="-86.442871"/>
   <element name="flame_inside" layername="flame_inside_4" frame="7" z_index="5" m_a="0.634336" m_b="0.253892" m_c="-0.285577" m_d="0.713499" m_tx="56.829033" m_ty="-142.467697"/>
   <element name="flame_inside" layername="flame_inside_5" frame="7" z_index="6" m_a="0.625298" m_b="-0.139231" m_c="0.185194" m_d="0.831722" m_tx="-23.067940" m_ty="-159.162750"/>
   <element name="flame_inside" layername="flame_inside_6" frame="7" z_index="7" m_a="0.041211" m_b="0.519459" m_c="0.681474" m_d="-0.054064" m_tx="-157.843491" m_ty="34.396065"/>
   <element name="flame_inside" layername="flame_inside_7" frame="7" z_index="8" m_a="-0.465799" m_b="0.495113" m_c="-0.585813" m_d="-0.551130" m_tx="109.336182" m_ty="115.698387"/>
   <element name="flame_inside" layername="flame_inside_8" frame="7" z_index="9" m_a="-0.093646" m_b="0.588084" m_c="-0.654337" m_d="-0.104196" m_tx="152.368515" m_ty="45.267418"/>
   <element name="flame_inside" layername="flame_inside_9" frame="7" z_index="10" m_a="0.309902" m_b="0.439489" m_c="0.518189" m_d="-0.365397" m_tx="-128.517029" m_ty="92.058990"/>
   <element name="flame_inside" layername="flame_inside_" frame="7" z_index="11" m_a="-0.627965" m_b="-0.249983" m_c="0.274748" m_d="-0.690177" m_tx="-53.814850" m_ty="145.624329"/>
   <element name="flame_inside" layername="flame_inside" frame="7" z_index="12" m_a="-0.624903" m_b="0.139457" m_c="-0.178508" m_d="-0.799890" m_tx="25.822151" m_ty="161.376190"/>
  </frame>
  <frame idx="450" w="369" h="464" x="-182.461746" y="-231.213074">
   <element name="flame_inside" layername="flame_inside" frame="7" z_index="1" m_a="-0.043639" m_b="-0.538875" m_c="-0.685010" m_d="0.055474" m_tx="161.339508" m_ty="-26.765554"/>
   <element name="flame_inside" layername="flame_inside" frame="7" z_index="2" m_a="0.471003" m_b="-0.502520" m_c="0.602283" m_d="0.564509" m_tx="-106.798988" m_ty="-111.817261"/>
   <element name="flame_inside" layername="flame_inside_2" frame="7" z_index="3" m_a="0.095138" m_b="-0.608685" m_c="0.659397" m_d="0.103064" m_tx="-149.386414" m_ty="-38.558102"/>
   <element name="flame_inside" layername="flame_inside_3" frame="7" z_index="4" m_a="-0.318736" m_b="-0.450569" m_c="-0.525088" m_d="0.371451" m_tx="131.610596" m_ty="-86.810692"/>
   <element name="flame_inside" layername="flame_inside_4" frame="7" z_index="5" m_a="0.633034" m_b="0.251866" m_c="-0.285618" m_d="0.717867" m_tx="56.602058" m_ty="-142.806351"/>
   <element name="flame_inside" layername="flame_inside_5" frame="7" z_index="6" m_a="0.623219" m_b="-0.140107" m_c="0.187885" m_d="0.835742" m_tx="-23.460052" m_ty="-159.359604"/>
   <element name="flame_inside" layername="flame_inside_6" frame="7" z_index="7" m_a="0.042156" m_b="0.517879" m_c="0.684975" m_d="-0.055758" m_tx="-157.994339" m_ty="34.745930"/>
   <element name="flame_inside" layername="flame_inside_7" frame="7" z_index="8" m_a="-0.463449" m_b="0.494644" m_c="-0.590048" m_d="-0.552836" m_tx="109.761879" m_ty="115.656036"/>
   <element name="flame_inside" layername="flame_inside_8" frame="7" z_index="9" m_a="-0.092173" m_b="0.586583" m_c="-0.658017" m_d="-0.103397" m_tx="152.664612" m_ty="45.010719"/>
   <element name="flame_inside" layername="flame_inside_9" frame="7" z_index="10" m_a="0.309910" m_b="0.437591" m_c="0.520179" m_d="-0.368401" m_tx="-128.490082" m_ty="92.451614"/>
   <element name="flame_inside" layername="flame_inside_" frame="7" z_index="11" m_a="-0.626671" m_b="-0.247979" m_c="0.274780" m_d="-0.694400" m_tx="-53.600239" m_ty="145.974518"/>
   <element name="flame_inside" layername="flame_inside" frame="7" z_index="12" m_a="-0.622820" m_b="0.140334" m_c="-0.181102" m_d="-0.803755" m_tx="26.201406" m_ty="161.596985"/>
  </frame>
  <frame idx="475" w="369" h="464" x="-182.576492" y="-231.404297">
   <element name="flame_inside" layername="flame_inside" frame="7" z_index="1" m_a="-0.044616" m_b="-0.537230" m_c="-0.688502" m_d="0.057179" m_tx="161.490234" m_ty="-27.115257"/>
   <element name="flame_inside" layername="flame_inside" frame="7" z_index="2" m_a="0.468619" m_b="-0.502037" m_c="0.606620" m_d="0.566240" m_tx="-107.225319" m_ty="-111.762611"/>
   <element name="flame_inside" layername="flame_inside_2" frame="7" z_index="3" m_a="0.093616" m_b="-0.607126" m_c="0.663087" m_d="0.102245" m_tx="-149.670364" m_ty="-38.263973"/>
   <element name="flame_inside" layername="flame_inside_3" frame="7" z_index="4" m_a="-0.318739" m_b="-0.448618" m_c="-0.527088" m_d="0.374491" m_tx="131.596069" m_ty="-87.178566"/>
   <element name="flame_inside" layername="flame_inside_4" frame="7" z_index="5" m_a="0.631727" m_b="0.249845" m_c="-0.285642" m_d="0.722237" m_tx="56.374981" m_ty="-143.144989"/>
   <element name="flame_inside" layername="flame_inside_5" frame="7" z_index="6" m_a="0.621140" m_b="-0.140976" m_c="0.190594" m_d="0.839754" m_tx="-23.852259" m_ty="-159.556366"/>
   <element name="flame_inside" layername="flame_inside_6" frame="7" z_index="7" m_a="0.043095" m_b="0.516298" m_c="0.688472" m_d="-0.057467" m_tx="-158.145218" m_ty="35.095863"/>
   <element name="flame_inside" layername="flame_inside_7" frame="7" z_index="8" m_a="-0.461102" m_b="0.494168" m_c="-0.594292" m_d="-0.554527" m_tx="110.187607" m_ty="115.613586"/>
   <element name="flame_inside" layername="flame_inside_8" frame="7" z_index="9" m_a="-0.090706" m_b="0.585078" m_c="-0.661697" m_d="-0.102585" m_tx="152.960709" m_ty="44.753937"/>
   <element name="flame_inside" layername="flame_inside_9" frame="7" z_index="10" m_a="0.309911" m_b="0.435694" m_c="0.522159" m_d="-0.371414" m_tx="-128.463089" m_ty="92.844299"/>
   <element name="flame_inside" layername="flame_inside_" frame="7" z_index="11" m_a="-0.625372" m_b="-0.245982" m_c="0.274796" m_d="-0.698627" m_tx="-53.385525" m_ty="146.324707"/>
   <element name="flame_inside" layername="flame_inside" frame="7" z_index="12" m_a="-0.620736" m_b="0.141204" m_c="-0.183714" m_d="-0.807613" m_tx="26.580755" m_ty="161.817703"/>
  </frame>
  <frame idx="500" w="369" h="465" x="-182.691284" y="-231.596741">
   <element name="flame_inside" layername="flame_inside" frame="7" z_index="1" m_a="-0.045586" m_b="-0.535583" m_c="-0.691991" m_d="0.058899" m_tx="161.640961" m_ty="-27.465029"/>
   <element name="flame_inside" layername="flame_inside" frame="7" z_index="2" m_a="0.466238" m_b="-0.501546" m_c="0.610967" m_d="0.567956" m_tx="-107.651688" m_ty="-111.707855"/>
   <element name="flame_inside" layername="flame_inside_2" frame="7" z_index="3" m_a="0.092102" m_b="-0.605562" m_c="0.666776" m_d="0.101412" m_tx="-149.954300" m_ty="-37.969757"/>
   <element name="flame_inside" layername="flame_inside_3" frame="7" z_index="4" m_a="-0.318734" m_b="-0.446668" m_c="-0.529077" m_d="0.377540" m_tx="131.581528" m_ty="-87.546501"/>
   <element name="flame_inside" layername="flame_inside_4" frame="7" z_index="5" m_a="0.630413" m_b="0.247831" m_c="-0.285649" m_d="0.726612" m_tx="56.147797" m_ty="-143.483627"/>
   <element name="flame_inside" layername="flame_inside_5" frame="7" z_index="6" m_a="0.619059" m_b="-0.141837" m_c="0.193319" m_d="0.843759" m_tx="-24.244555" m_ty="-159.753052"/>
   <element name="flame_inside" layername="flame_inside_6" frame="7" z_index="7" m_a="0.044028" m_b="0.514714" m_c="0.691965" m_d="-0.059190" m_tx="-158.296097" m_ty="35.445866"/>
   <element name="flame_inside" layername="flame_inside_7" frame="7" z_index="8" m_a="-0.458760" m_b="0.493684" m_c="-0.598546" m_d="-0.556203" m_tx="110.613373" m_ty="115.571030"/>
   <element name="flame_inside" layername="flame_inside_8" frame="7" z_index="9" m_a="-0.089246" m_b="0.583569" m_c="-0.665376" m_d="-0.101757" m_tx="153.256775" m_ty="44.497066"/>
   <element name="flame_inside" layername="flame_inside_9" frame="7" z_index="10" m_a="0.309906" m_b="0.433799" m_c="0.524129" m_d="-0.374438" m_tx="-128.436066" m_ty="93.237038"/>
   <element name="flame_inside" layername="flame_inside_" frame="7" z_index="11" m_a="-0.624067" m_b="-0.243991" m_c="0.274795" m_d="-0.702856" m_tx="-53.170708" m_ty="146.674896"/>
   <element name="flame_inside" layername="flame_inside" frame="7" z_index="12" m_a="-0.618651" m_b="0.142065" m_c="-0.186342" m_d="-0.811463" m_tx="26.960190" m_ty="162.038361"/>
  </frame>
  <frame idx="525" w="370" h="466" x="-183.258560" y="-232.268051">
   <element name="flame_inside" layername="flame_inside" frame="7" z_index="1" m_a="-0.046209" m_b="-0.534999" m_c="-0.693131" m_d="0.059867" m_tx="162.233612" m_ty="-27.701046"/>
   <element name="flame_inside" layername="flame_inside" frame="7" z_index="2" m_a="0.465156" m_b="-0.501635" m_c="0.612749" m_d="0.568190" m_tx="-108.350937" m_ty="-112.071777"/>
   <element name="flame_inside" layername="flame_inside_2" frame="7" z_index="3" m_a="0.091258" m_b="-0.605083" m_c="0.668071" m_d="0.100758" m_tx="-150.609039" m_ty="-37.865875"/>
   <element name="flame_inside" layername="flame_inside_3" frame="7" z_index="4" m_a="-0.318977" m_b="-0.445829" m_c="-0.529535" m_d="0.378865" m_tx="131.962006" m_ty="-88.051598"/>
   <element name="flame_inside" layername="flame_inside_4" frame="7" z_index="5" m_a="0.630102" m_b="0.246801" m_c="-0.285242" m_d="0.728244" m_tx="56.204010" m_ty="-144.217697"/>
   <element name="flame_inside" layername="flame_inside_5" frame="7" z_index="6" m_a="0.618272" m_b="-0.142471" m_c="0.194716" m_d="0.844996" m_tx="-24.625666" m_ty="-160.490891"/>
   <element name="flame_inside" layername="flame_inside_6" frame="7" z_index="7" m_a="0.044627" m_b="0.514153" m_c="0.693102" m_d="-0.060159" m_tx="-158.876236" m_ty="35.670261"/>
   <element name="flame_inside" layername="flame_inside_7" frame="7" z_index="8" m_a="-0.457690" m_b="0.493768" m_c="-0.600295" m_d="-0.556434" m_tx="111.327324" m_ty="115.913292"/>
   <element name="flame_inside" layername="flame_inside_8" frame="7" z_index="9" m_a="-0.088429" m_b="0.583106" m_c="-0.666673" m_d="-0.101102" m_tx="153.910263" m_ty="44.356602"/>
   <element name="flame_inside" layername="flame_inside_9" frame="7" z_index="10" m_a="0.310143" m_b="0.432987" m_c="0.524579" m_d="-0.375749" m_tx="-128.799850" m_ty="93.715027"/>
   <element name="flame_inside" layername="flame_inside_" frame="7" z_index="11" m_a="-0.623758" m_b="-0.242973" m_c="0.274398" m_d="-0.704431" m_tx="-53.193539" m_ty="147.364624"/>
   <element name="flame_inside" layername="flame_inside" frame="7" z_index="12" m_a="-0.617864" m_b="0.142696" m_c="-0.187683" m_d="-0.812654" m_tx="27.360426" m_ty="162.725281"/>
  </frame>
  <frame idx="550" w="372" h="467" x="-183.827698" y="-232.941589">
   <element name="flame_inside" layername="flame_inside" frame="7" z_index="1" m_a="-0.046830" m_b="-0.534415" m_c="-0.694269" m_d="0.060838" m_tx="162.828094" m_ty="-27.938650"/>
   <element name="flame_inside" layername="flame_inside" frame="7" z_index="2" m_a="0.464075" m_b="-0.501722" m_c="0.614533" m_d="0.568421" m_tx="-109.052971" m_ty="-112.436028"/>
   <element name="flame_inside" layername="flame_inside_2" frame="7" z_index="3" m_a="0.090415" m_b="-0.604602" m_c="0.669366" m_d="0.100100" m_tx="-151.265793" m_ty="-37.760956"/>
   <element name="flame_inside" layername="flame_inside_3" frame="7" z_index="4" m_a="-0.319217" m_b="-0.444991" m_c="-0.529989" m_d="0.380191" m_tx="132.343216" m_ty="-88.558853"/>
   <element name="flame_inside" layername="flame_inside_4" frame="7" z_index="5" m_a="0.629789" m_b="0.245773" m_c="-0.284831" m_d="0.729877" m_tx="56.259560" m_ty="-144.954285"/>
   <element name="flame_inside" layername="flame_inside_5" frame="7" z_index="6" m_a="0.617485" m_b="-0.143103" m_c="0.196116" m_d="0.846232" m_tx="-25.008978" m_ty="-161.230637"/>
   <element name="flame_inside" layername="flame_inside_6" frame="7" z_index="7" m_a="0.045224" m_b="0.513591" m_c="0.694237" m_d="-0.061130" m_tx="-159.458237" m_ty="35.896240"/>
   <element name="flame_inside" layername="flame_inside_7" frame="7" z_index="8" m_a="-0.456622" m_b="0.493850" m_c="-0.602045" m_d="-0.556660" m_tx="112.043991" m_ty="116.255882"/>
   <element name="flame_inside" layername="flame_inside_8" frame="7" z_index="9" m_a="-0.087612" m_b="0.582642" m_c="-0.667970" m_d="-0.100443" m_tx="154.565750" m_ty="44.215096"/>
   <element name="flame_inside" layername="flame_inside_9" frame="7" z_index="10" m_a="0.310378" m_b="0.432175" m_c="0.525026" m_d="-0.377061" m_tx="-129.164352" m_ty="94.195152"/>
   <element name="flame_inside" layername="flame_inside_" frame="7" z_index="11" m_a="-0.623447" m_b="-0.241957" m_c="0.273997" m_d="-0.706005" m_tx="-53.215729" m_ty="148.056808"/>
   <element name="flame_inside" layername="flame_inside" frame="7" z_index="12" m_a="-0.617077" m_b="0.143326" m_c="-0.189028" m_d="-0.813843" m_tx="27.762772" m_ty="163.414047"/>
  </frame>
  <frame idx="575" w="374" h="470" x="-184.898682" y="-234.117340">
   <element name="flame_inside" layername="flame_inside" frame="7" z_index="1" m_a="-0.047450" m_b="-0.533829" m_c="-0.695407" m_d="0.061813" m_tx="163.424408" m_ty="-28.177849"/>
   <element name="flame_inside" layername="flame_inside" frame="7" z_index="2" m_a="0.462994" m_b="-0.501807" m_c="0.616318" m_d="0.568649" m_tx="-109.757782" m_ty="-112.800613"/>
   <element name="flame_inside" layername="flame_inside_2" frame="7" z_index="3" m_a="0.089574" m_b="-0.604121" m_c="0.670660" m_d="0.099440" m_tx="-151.924515" m_ty="-37.654987"/>
   <element name="flame_inside" layername="flame_inside_3" frame="7" z_index="4" m_a="-0.319456" m_b="-0.444153" m_c="-0.530442" m_d="0.381519" m_tx="132.725128" m_ty="-89.068275"/>
   <element name="flame_inside" layername="flame_inside_4" frame="7" z_index="5" m_a="0.629475" m_b="0.244745" m_c="-0.284417" m_d="0.731510" m_tx="56.314442" m_ty="-145.693436"/>
   <element name="flame_inside" layername="flame_inside_5" frame="7" z_index="6" m_a="0.616696" m_b="-0.143734" m_c="0.197519" m_d="0.847465" m_tx="-25.394497" m_ty="-161.972290"/>
   <element name="flame_inside" layername="flame_inside_6" frame="7" z_index="7" m_a="0.045820" m_b="0.513029" m_c="0.695371" m_d="-0.062105" m_tx="-160.042053" m_ty="36.123814"/>
   <element name="flame_inside" layername="flame_inside_7" frame="7" z_index="8" m_a="-0.455554" m_b="0.493929" m_c="-0.603796" m_d="-0.556884" m_tx="112.763397" m_ty="116.598793"/>
   <element name="flame_inside" layername="flame_inside_8" frame="7" z_index="9" m_a="-0.086796" m_b="0.582177" m_c="-0.669267" m_d="-0.099781" m_tx="155.223251" m_ty="44.072540"/>
   <element name="flame_inside" layername="flame_inside_9" frame="7" z_index="10" m_a="0.310611" m_b="0.431363" m_c="0.525470" m_d="-0.378375" m_tx="-129.529556" m_ty="94.677422"/>
   <element name="flame_inside" layername="flame_inside_" frame="7" z_index="11" m_a="-0.623135" m_b="-0.240941" m_c="0.273593" m_d="-0.707580" m_tx="-53.237263" m_ty="148.751419"/>
   <element name="flame_inside" layername="flame_inside" frame="7" z_index="12" m_a="-0.616289" m_b="0.143954" m_c="-0.190376" m_d="-0.815030" m_tx="28.167236" m_ty="164.104614"/>
  </frame>
  <frame idx="600" w="369" h="477" x="-182.728210" y="-237.930038">
   <element name="flame_inside" layername="flame_inside" frame="8" z_index="1" m_a="-0.048069" m_b="-0.533243" m_c="-0.696543" m_d="0.062790" m_tx="164.009979" m_ty="-28.558451"/>
   <element name="flame_inside" layername="flame_inside" frame="8" z_index="2" m_a="0.461914" m_b="-0.501890" m_c="0.618105" m_d="0.568872" m_tx="-110.344276" m_ty="-113.297104"/>
   <element name="flame_inside" layername="flame_inside_2" frame="8" z_index="3" m_a="0.088734" m_b="-0.603638" m_c="0.671953" m_d="0.098776" m_tx="-152.561996" m_ty="-37.706238"/>
   <element name="flame_inside" layername="flame_inside_3" frame="8" z_index="4" m_a="-0.319694" m_b="-0.443315" m_c="-0.530891" m_d="0.382849" m_tx="133.023941" m_ty="-89.696098"/>
   <element name="flame_inside" layername="flame_inside_4" frame="8" z_index="5" m_a="0.629159" m_b="0.243719" m_c="-0.283999" m_d="0.733143" m_tx="56.533611" m_ty="-146.371201"/>
   <element name="flame_inside" layername="flame_inside_5" frame="8" z_index="6" m_a="0.615908" m_b="-0.144362" m_c="0.198925" m_d="0.848696" m_tx="-25.620749" m_ty="-162.753693"/>
   <element name="flame_inside" layername="flame_inside_6" frame="8" z_index="7" m_a="0.046414" m_b="0.512465" m_c="0.696503" m_d="-0.063083" m_tx="-160.615509" m_ty="36.487343"/>
   <element name="flame_inside" layername="flame_inside_7" frame="8" z_index="8" m_a="-0.454486" m_b="0.494007" m_c="-0.605549" m_d="-0.557104" m_tx="113.366379" m_ty="117.071541"/>
   <element name="flame_inside" layername="flame_inside_8" frame="8" z_index="9" m_a="-0.085982" m_b="0.581711" m_c="-0.670562" m_d="-0.099116" m_tx="155.860199" m_ty="44.081448"/>
   <element name="flame_inside" layername="flame_inside_9" frame="8" z_index="10" m_a="0.310844" m_b="0.430551" m_c="0.525913" m_d="-0.379691" m_tx="-129.813965" m_ty="95.274719"/>
   <element name="flame_inside" layername="flame_inside_" frame="8" z_index="11" m_a="-0.622821" m_b="-0.239927" m_c="0.273185" m_d="-0.709154" m_tx="-53.421432" m_ty="149.385559"/>
   <element name="flame_inside" layername="flame_inside" frame="8" z_index="12" m_a="-0.615500" m_b="0.144580" m_c="-0.191727" m_d="-0.816215" m_tx="28.412457" m_ty="164.834946"/>
  </frame>
  <frame idx="625" w="369" h="478" x="-182.650330" y="-238.249435">
   <element name="flame_inside" layername="flame_inside" frame="8" z_index="1" m_a="-0.049221" m_b="-0.533644" m_c="-0.695167" m_d="0.064119" m_tx="163.944473" m_ty="-28.895901"/>
   <element name="flame_inside" layername="flame_inside" frame="8" z_index="2" m_a="0.461307" m_b="-0.503318" m_c="0.618178" m_d="0.566580" m_tx="-110.559540" m_ty="-113.070633"/>
   <element name="flame_inside" layername="flame_inside_2" frame="8" z_index="3" m_a="0.087567" m_b="-0.604387" m_c="0.670957" m_d="0.097211" m_tx="-152.607864" m_ty="-37.383408"/>
   <element name="flame_inside" layername="flame_inside_3" frame="8" z_index="4" m_a="-0.320914" m_b="-0.443069" m_c="-0.529151" m_d="0.383263" m_tx="132.842682" m_ty="-89.961159"/>
   <element name="flame_inside" layername="flame_inside_4" frame="8" z_index="5" m_a="0.630258" m_b="0.242646" m_c="-0.281979" m_d="0.732422" m_tx="56.233231" m_ty="-146.481506"/>
   <element name="flame_inside" layername="flame_inside_5" frame="8" z_index="6" m_a="0.616188" m_b="-0.145774" m_c="0.200325" m_d="0.846775" m_tx="-25.943867" m_ty="-162.692749"/>
   <element name="flame_inside" layername="flame_inside_6" frame="8" z_index="7" m_a="0.047519" m_b="0.512850" m_c="0.695127" m_d="-0.064408" m_tx="-160.525192" m_ty="36.837200"/>
   <element name="flame_inside" layername="flame_inside_7" frame="8" z_index="8" m_a="-0.453893" m_b="0.495415" m_c="-0.605616" m_d="-0.554857" m_tx="113.581535" m_ty="116.832878"/>
   <element name="flame_inside" layername="flame_inside_8" frame="8" z_index="9" m_a="-0.084861" m_b="0.582434" m_c="-0.669566" m_d="-0.097556" m_tx="155.930893" m_ty="43.783566"/>
   <element name="flame_inside" layername="flame_inside_9" frame="8" z_index="10" m_a="0.312027" m_b="0.430309" m_c="0.524189" m_d="-0.380102" m_tx="-129.607971" m_ty="95.552269"/>
   <element name="flame_inside" layername="flame_inside_" frame="8" z_index="11" m_a="-0.623900" m_b="-0.238862" m_c="0.271234" m_d="-0.708454" m_tx="-53.121559" m_ty="149.496033"/>
   <element name="flame_inside" layername="flame_inside" frame="8" z_index="12" m_a="-0.615778" m_b="0.145987" m_c="-0.193066" m_d="-0.814361" m_tx="28.747585" m_ty="164.762039"/>
  </frame>
  <frame idx="650" w="369" h="479" x="-182.572449" y="-238.568130">
   <element name="flame_inside" layername="flame_inside" frame="8" z_index="1" m_a="-0.050374" m_b="-0.534044" m_c="-0.693788" m_d="0.065442" m_tx="163.878952" m_ty="-29.233294"/>
   <element name="flame_inside" layername="flame_inside" frame="8" z_index="2" m_a="0.460697" m_b="-0.504746" m_c="0.618244" m_d="0.564289" m_tx="-110.774742" m_ty="-112.844185"/>
   <element name="flame_inside" layername="flame_inside_2" frame="8" z_index="3" m_a="0.086396" m_b="-0.605134" m_c="0.669957" m_d="0.095651" m_tx="-152.653702" m_ty="-37.060604"/>
   <element name="flame_inside" layername="flame_inside_3" frame="8" z_index="4" m_a="-0.322135" m_b="-0.442820" m_c="-0.527411" m_d="0.383672" m_tx="132.661423" m_ty="-90.226181"/>
   <element name="flame_inside" layername="flame_inside_4" frame="8" z_index="5" m_a="0.631354" m_b="0.241571" m_c="-0.279963" m_d="0.731695" m_tx="55.932884" m_ty="-146.591782"/>
   <element name="flame_inside" layername="flame_inside_5" frame="8" z_index="6" m_a="0.616466" m_b="-0.147188" m_c="0.201717" m_d="0.844851" m_tx="-26.266937" m_ty="-162.631805"/>
   <element name="flame_inside" layername="flame_inside_6" frame="8" z_index="7" m_a="0.048625" m_b="0.513233" m_c="0.693749" m_d="-0.065727" m_tx="-160.434845" m_ty="37.187004"/>
   <element name="flame_inside" layername="flame_inside_7" frame="8" z_index="8" m_a="-0.453295" m_b="0.496822" m_c="-0.605676" m_d="-0.552612" m_tx="113.796646" m_ty="116.594231"/>
   <element name="flame_inside" layername="flame_inside_8" frame="8" z_index="9" m_a="-0.083738" m_b="0.583154" m_c="-0.668566" m_d="-0.096002" m_tx="156.001572" m_ty="43.485722"/>
   <element name="flame_inside" layername="flame_inside_9" frame="8" z_index="10" m_a="0.313211" m_b="0.430063" m_c="0.522467" m_d="-0.380508" m_tx="-129.401993" m_ty="95.829765"/>
   <element name="flame_inside" layername="flame_inside_" frame="8" z_index="11" m_a="-0.624977" m_b="-0.237793" m_c="0.269287" m_d="-0.707749" m_tx="-52.821716" m_ty="149.606461"/>
   <element name="flame_inside" layername="flame_inside" frame="8" z_index="12" m_a="-0.616053" m_b="0.147395" m_c="-0.194398" m_d="-0.812505" m_tx="29.082664" m_ty="164.689117"/>
  </frame>
  <frame idx="675" w="369" h="479" x="-182.494537" y="-238.886093">
   <element name="flame_inside" layername="flame_inside" frame="8" z_index="1" m_a="-0.051529" m_b="-0.534440" m_c="-0.692407" m_d="0.066760" m_tx="163.813416" m_ty="-29.570635"/>
   <element name="flame_inside" layername="flame_inside" frame="8" z_index="2" m_a="0.460082" m_b="-0.506174" m_c="0.618304" m_d="0.562001" m_tx="-110.989914" m_ty="-112.617744"/>
   <element name="flame_inside" layername="flame_inside_2" frame="8" z_index="3" m_a="0.085224" m_b="-0.605878" m_c="0.668953" m_d="0.094096" m_tx="-152.699524" m_ty="-36.737831"/>
   <element name="flame_inside" layername="flame_inside_3" frame="8" z_index="4" m_a="-0.323356" m_b="-0.442567" m_c="-0.525672" m_d="0.384076" m_tx="132.480179" m_ty="-90.491135"/>
   <element name="flame_inside" layername="flame_inside_4" frame="8" z_index="5" m_a="0.632449" m_b="0.240491" m_c="-0.277951" m_d="0.730963" m_tx="55.632565" m_ty="-146.702042"/>
   <element name="flame_inside" layername="flame_inside_5" frame="8" z_index="6" m_a="0.616740" m_b="-0.148603" m_c="0.203102" m_d="0.842926" m_tx="-26.589960" m_ty="-162.570831"/>
   <element name="flame_inside" layername="flame_inside_6" frame="8" z_index="7" m_a="0.049732" m_b="0.513613" m_c="0.692369" m_d="-0.067041" m_tx="-160.344452" m_ty="37.536751"/>
   <element name="flame_inside" layername="flame_inside_7" frame="8" z_index="8" m_a="-0.452695" m_b="0.498229" m_c="-0.605729" m_d="-0.550369" m_tx="114.011719" m_ty="116.355606"/>
   <element name="flame_inside" layername="flame_inside_8" frame="8" z_index="9" m_a="-0.082611" m_b="0.583872" m_c="-0.667562" m_d="-0.094453" m_tx="156.072220" m_ty="43.187904"/>
   <element name="flame_inside" layername="flame_inside_9" frame="8" z_index="10" m_a="0.314395" m_b="0.429814" m_c="0.520745" m_d="-0.380908" m_tx="-129.196014" m_ty="96.107201"/>
   <element name="flame_inside" layername="flame_inside_" frame="8" z_index="11" m_a="-0.626052" m_b="-0.236721" m_c="0.267344" m_d="-0.707039" m_tx="-52.521900" m_ty="149.716843"/>
   <element name="flame_inside" layername="flame_inside" frame="8" z_index="12" m_a="-0.616324" m_b="0.148806" m_c="-0.195723" m_d="-0.810647" m_tx="29.417698" m_ty="164.616196"/>
  </frame>
  <frame idx="700" w="369" h="481" x="-182.416641" y="-239.703339">
   <element name="flame_inside" layername="flame_inside" frame="8" z_index="1" m_a="-0.052686" m_b="-0.534834" m_c="-0.691023" m_d="0.068072" m_tx="163.747833" m_ty="-29.907923"/>
   <element name="flame_inside" layername="flame_inside" frame="8" z_index="2" m_a="0.459463" m_b="-0.507602" m_c="0.618357" m_d="0.559715" m_tx="-111.205048" m_ty="-112.391327"/>
   <element name="flame_inside" layername="flame_inside_2" frame="8" z_index="3" m_a="0.084048" m_b="-0.606620" m_c="0.667946" m_d="0.092545" m_tx="-152.745331" m_ty="-36.415089"/>
   <element name="flame_inside" layername="flame_inside_3" frame="8" z_index="4" m_a="-0.324578" m_b="-0.442312" m_c="-0.523933" m_d="0.384473" m_tx="132.298920" m_ty="-90.756027"/>
   <element name="flame_inside" layername="flame_inside_4" frame="8" z_index="5" m_a="0.633542" m_b="0.239408" m_c="-0.275943" m_d="0.730225" m_tx="55.332272" m_ty="-146.812256"/>
   <element name="flame_inside" layername="flame_inside_5" frame="8" z_index="6" m_a="0.617011" m_b="-0.150020" m_c="0.204480" m_d="0.840998" m_tx="-26.912937" m_ty="-162.509842"/>
   <element name="flame_inside" layername="flame_inside_6" frame="8" z_index="7" m_a="0.050842" m_b="0.513991" m_c="0.690986" m_d="-0.068350" m_tx="-160.254044" m_ty="37.886448"/>
   <element name="flame_inside" layername="flame_inside_7" frame="8" z_index="8" m_a="-0.452090" m_b="0.499636" m_c="-0.605775" m_d="-0.548129" m_tx="114.226746" m_ty="116.116997"/>
   <element name="flame_inside" layername="flame_inside_8" frame="8" z_index="9" m_a="-0.081482" m_b="0.584589" m_c="-0.666554" m_d="-0.092907" m_tx="156.142853" m_ty="42.890110"/>
   <element name="flame_inside" layername="flame_inside_9" frame="8" z_index="10" m_a="0.315579" m_b="0.429562" m_c="0.519024" m_d="-0.381303" m_tx="-128.990036" m_ty="96.384590"/>
   <element name="flame_inside" layername="flame_inside_" frame="8" z_index="11" m_a="-0.627126" m_b="-0.235646" m_c="0.265405" m_d="-0.706323" m_tx="-52.222107" m_ty="149.827225"/>
   <element name="flame_inside" layername="flame_inside" frame="8" z_index="12" m_a="-0.616592" m_b="0.150218" m_c="-0.197041" m_d="-0.808787" m_tx="29.752691" m_ty="164.543259"/>
  </frame>
  <frame idx="725" w="365" h="478" x="-180.496170" y="-238.315704">
   <element name="flame_inside" layername="flame_inside" frame="8" z_index="1" m_a="-0.053507" m_b="-0.536306" m_c="-0.687264" m_d="0.068568" m_tx="162.285294" m_ty="-29.500435"/>
   <element name="flame_inside" layername="flame_inside" frame="8" z_index="2" m_a="0.460146" m_b="-0.509638" m_c="0.615761" m_d="0.555964" m_tx="-110.448311" m_ty="-110.600555"/>
   <element name="flame_inside" layername="flame_inside_2" frame="8" z_index="3" m_a="0.083526" m_b="-0.608473" m_c="0.664510" m_d="0.091219" m_tx="-151.464005" m_ty="-35.482979"/>
   <element name="flame_inside" layername="flame_inside_3" frame="8" z_index="4" m_a="-0.326067" m_b="-0.443177" m_c="-0.520664" m_d="0.383078" m_tx="131.337387" m_ty="-89.723137"/>
   <element name="flame_inside" layername="flame_inside_4" frame="8" z_index="5" m_a="0.635664" m_b="0.239301" m_c="-0.273565" m_d="0.726681" m_tx="54.002533" m_ty="-145.549911"/>
   <element name="flame_inside" layername="flame_inside_5" frame="8" z_index="6" m_a="0.618596" m_b="-0.151226" m_c="0.204438" m_d="0.836262" m_tx="-27.242733" m_ty="-160.543610"/>
   <element name="flame_inside" layername="flame_inside_6" frame="8" z_index="7" m_a="0.051633" m_b="0.515404" m_c="0.687224" m_d="-0.068845" m_tx="-158.790024" m_ty="37.496674"/>
   <element name="flame_inside" layername="flame_inside_7" frame="8" z_index="8" m_a="-0.452764" m_b="0.501642" m_c="-0.603232" m_d="-0.544455" m_tx="113.489944" m_ty="114.382713"/>
   <element name="flame_inside" layername="flame_inside_8" frame="8" z_index="9" m_a="-0.080983" m_b="0.586376" m_c="-0.663125" m_d="-0.091583" m_tx="154.862122" m_ty="41.976585"/>
   <element name="flame_inside" layername="flame_inside_9" frame="8" z_index="10" m_a="0.317026" m_b="0.430405" m_c="0.515787" m_d="-0.379916" m_tx="-128.043533" m_ty="95.357048"/>
   <element name="flame_inside" layername="flame_inside_" frame="8" z_index="11" m_a="-0.629228" m_b="-0.235537" m_c="0.263112" m_d="-0.702892" m_tx="-50.920391" m_ty="148.599350"/>
   <element name="flame_inside" layername="flame_inside" frame="8" z_index="12" m_a="-0.618179" m_b="0.151428" m_c="-0.197004" m_d="-0.804236" m_tx="30.072573" m_ty="162.669830"/>
  </frame>
  <frame idx="750" w="362" h="476" x="-179.092697" y="-237.440399">
   <element name="flame_inside" layername="flame_inside" frame="8" z_index="1" m_a="-0.054331" m_b="-0.537776" m_c="-0.683506" m_d="0.069054" m_tx="160.839828" m_ty="-29.088242"/>
   <element name="flame_inside" layername="flame_inside" frame="8" z_index="2" m_a="0.460825" m_b="-0.511676" m_c="0.613158" m_d="0.552220" m_tx="-109.703545" m_ty="-108.821777"/>
   <element name="flame_inside" layername="flame_inside_2" frame="8" z_index="3" m_a="0.083000" m_b="-0.610325" m_c="0.661071" m_d="0.089901" m_tx="-150.195999" m_ty="-34.553131"/>
   <element name="flame_inside" layername="flame_inside_3" frame="8" z_index="4" m_a="-0.327560" m_b="-0.444039" m_c="-0.517398" m_d="0.381675" m_tx="130.392075" m_ty="-88.694458"/>
   <element name="flame_inside" layername="flame_inside_4" frame="8" z_index="5" m_a="0.637786" m_b="0.239188" m_c="-0.271195" m_d="0.723131" m_tx="52.678944" m_ty="-144.302078"/>
   <element name="flame_inside" layername="flame_inside_5" frame="8" z_index="6" m_a="0.620179" m_b="-0.152436" m_c="0.204384" m_d="0.831528" m_tx="-27.575466" m_ty="-158.594910"/>
   <element name="flame_inside" layername="flame_inside_6" frame="8" z_index="7" m_a="0.052427" m_b="0.516817" m_c="0.683461" m_d="-0.069331" m_tx="-157.343002" m_ty="37.102299"/>
   <element name="flame_inside" layername="flame_inside_7" frame="8" z_index="8" m_a="-0.453433" m_b="0.503651" m_c="-0.600681" m_d="-0.540789" m_tx="112.764854" m_ty="112.660149"/>
   <element name="flame_inside" layername="flame_inside_8" frame="8" z_index="9" m_a="-0.080480" m_b="0.588164" m_c="-0.659693" m_d="-0.090267" m_tx="153.594742" m_ty="41.065430"/>
   <element name="flame_inside" layername="flame_inside_9" frame="8" z_index="10" m_a="0.318476" m_b="0.431244" m_c="0.512554" m_d="-0.378523" m_tx="-127.113045" m_ty="94.333740"/>
   <element name="flame_inside" layername="flame_inside_" frame="8" z_index="11" m_a="-0.631331" m_b="-0.235424" m_c="0.260828" m_d="-0.699457" m_tx="-49.624504" m_ty="147.385513"/>
   <element name="flame_inside" layername="flame_inside" frame="8" z_index="12" m_a="-0.619764" m_b="0.152642" m_c="-0.196955" m_d="-0.799688" m_tx="30.395374" m_ty="160.813171"/>
  </frame>
  <frame idx="775" w="358" h="475" x="-177.206207" y="-236.577469">
   <element name="flame_inside" layername="flame_inside" frame="8" z_index="1" m_a="-0.055160" m_b="-0.539246" m_c="-0.679747" m_d="0.069532" m_tx="159.411377" m_ty="-28.671410"/>
   <element name="flame_inside" layername="flame_inside" frame="8" z_index="2" m_a="0.461499" m_b="-0.513717" m_c="0.610545" m_d="0.548484" m_tx="-108.970757" m_ty="-107.054947"/>
   <element name="flame_inside" layername="flame_inside_2" frame="8" z_index="3" m_a="0.082469" m_b="-0.612176" m_c="0.657630" m_d="0.088593" m_tx="-148.941315" m_ty="-33.625492"/>
   <element name="flame_inside" layername="flame_inside_3" frame="8" z_index="4" m_a="-0.329054" m_b="-0.444899" m_c="-0.514137" m_d="0.380265" m_tx="129.462952" m_ty="-87.670067"/>
   <element name="flame_inside" layername="flame_inside_4" frame="8" z_index="5" m_a="0.639909" m_b="0.239071" m_c="-0.268835" m_d="0.719577" m_tx="51.361454" m_ty="-143.068771"/>
   <element name="flame_inside" layername="flame_inside_5" frame="8" z_index="6" m_a="0.621760" m_b="-0.153651" m_c="0.204319" m_d="0.826794" m_tx="-27.911198" m_ty="-156.663712"/>
   <element name="flame_inside" layername="flame_inside_6" frame="8" z_index="7" m_a="0.053224" m_b="0.518228" m_c="0.679699" m_d="-0.069808" m_tx="-155.912994" m_ty="36.703384"/>
   <element name="flame_inside" layername="flame_inside_7" frame="8" z_index="8" m_a="-0.454099" m_b="0.505662" m_c="-0.598122" m_d="-0.537130" m_tx="112.051529" m_ty="110.949257"/>
   <element name="flame_inside" layername="flame_inside_8" frame="8" z_index="9" m_a="-0.079972" m_b="0.589951" m_c="-0.656260" m_d="-0.088960" m_tx="152.340698" m_ty="40.156586"/>
   <element name="flame_inside" layername="flame_inside_9" frame="8" z_index="10" m_a="0.319928" m_b="0.432081" m_c="0.509325" m_d="-0.377122" m_tx="-126.198540" m_ty="93.314705"/>
   <element name="flame_inside" layername="flame_inside_" frame="8" z_index="11" m_a="-0.633435" m_b="-0.235305" m_c="0.258553" m_d="-0.696017" m_tx="-48.334396" m_ty="146.185715"/>
   <element name="flame_inside" layername="flame_inside" frame="8" z_index="12" m_a="-0.621346" m_b="0.153860" m_c="-0.196895" m_d="-0.795140" m_tx="30.721161" m_ty="158.973221"/>
  </frame>
 </anim>
</Anims>
