<Anims>
 <anim name="idle" root="carpettiedye" numframes="1000" framerate="40">
  <frame idx="0" w="41" h="530" x="12.214584" y="-109.253998">
   <element name="carpettiedye" layername="timeline_0" frame="0" z_index="1" m_a="0.769377" m_b="0.638795" m_c="-0.638795" m_d="0.769377" m_tx="-1.000000" m_ty="-245.000000"/>
  </frame>
  <frame idx="25" w="41" h="530" x="12.214584" y="-109.253998">
   <element name="carpettiedye" layername="timeline_0" frame="0" z_index="1" m_a="0.769377" m_b="0.638795" m_c="-0.638795" m_d="0.769377" m_tx="-1.000000" m_ty="-245.000000"/>
  </frame>
  <frame idx="50" w="41" h="530" x="12.214584" y="-109.253998">
   <element name="carpettiedye" layername="timeline_0" frame="0" z_index="1" m_a="0.769377" m_b="0.638795" m_c="-0.638795" m_d="0.769377" m_tx="-1.000000" m_ty="-245.000000"/>
  </frame>
  <frame idx="75" w="41" h="530" x="12.214584" y="-109.253998">
   <element name="carpettiedye" layername="timeline_0" frame="0" z_index="1" m_a="0.769377" m_b="0.638795" m_c="-0.638795" m_d="0.769377" m_tx="-1.000000" m_ty="-245.000000"/>
  </frame>
  <frame idx="100" w="41" h="530" x="12.214584" y="-109.253998">
   <element name="carpettiedye" layername="timeline_0" frame="0" z_index="1" m_a="0.769377" m_b="0.638795" m_c="-0.638795" m_d="0.769377" m_tx="-1.000000" m_ty="-245.000000"/>
  </frame>
  <frame idx="125" w="41" h="530" x="12.214584" y="-109.253998">
   <element name="carpettiedye" layername="timeline_0" frame="0" z_index="1" m_a="0.769377" m_b="0.638795" m_c="-0.638795" m_d="0.769377" m_tx="-1.000000" m_ty="-245.000000"/>
  </frame>
  <frame idx="150" w="41" h="530" x="12.214584" y="-109.253998">
   <element name="carpettiedye" layername="timeline_0" frame="0" z_index="1" m_a="0.769377" m_b="0.638795" m_c="-0.638795" m_d="0.769377" m_tx="-1.000000" m_ty="-245.000000"/>
  </frame>
  <frame idx="175" w="41" h="530" x="12.214584" y="-109.253998">
   <element name="carpettiedye" layername="timeline_0" frame="0" z_index="1" m_a="0.769377" m_b="0.638795" m_c="-0.638795" m_d="0.769377" m_tx="-1.000000" m_ty="-245.000000"/>
  </frame>
  <frame idx="200" w="41" h="530" x="12.214584" y="-109.253998">
   <element name="carpettiedye" layername="timeline_0" frame="0" z_index="1" m_a="0.769377" m_b="0.638795" m_c="-0.638795" m_d="0.769377" m_tx="-1.000000" m_ty="-245.000000"/>
  </frame>
  <frame idx="225" w="41" h="530" x="12.214584" y="-109.253998">
   <element name="carpettiedye" layername="timeline_0" frame="0" z_index="1" m_a="0.769377" m_b="0.638795" m_c="-0.638795" m_d="0.769377" m_tx="-1.000000" m_ty="-245.000000"/>
  </frame>
  <frame idx="250" w="41" h="530" x="12.214584" y="-109.253998">
   <element name="carpettiedye" layername="timeline_0" frame="0" z_index="1" m_a="0.769377" m_b="0.638795" m_c="-0.638795" m_d="0.769377" m_tx="-1.000000" m_ty="-245.000000"/>
  </frame>
  <frame idx="275" w="41" h="530" x="12.214584" y="-109.253998">
   <element name="carpettiedye" layername="timeline_0" frame="0" z_index="1" m_a="0.769377" m_b="0.638795" m_c="-0.638795" m_d="0.769377" m_tx="-1.000000" m_ty="-245.000000"/>
  </frame>
  <frame idx="300" w="41" h="530" x="12.214584" y="-109.253998">
   <element name="carpettiedye" layername="timeline_0" frame="0" z_index="1" m_a="0.769377" m_b="0.638795" m_c="-0.638795" m_d="0.769377" m_tx="-1.000000" m_ty="-245.000000"/>
  </frame>
  <frame idx="325" w="41" h="530" x="12.214584" y="-109.253998">
   <element name="carpettiedye" layername="timeline_0" frame="0" z_index="1" m_a="0.769377" m_b="0.638795" m_c="-0.638795" m_d="0.769377" m_tx="-1.000000" m_ty="-245.000000"/>
  </frame>
  <frame idx="350" w="41" h="530" x="12.214584" y="-109.253998">
   <element name="carpettiedye" layername="timeline_0" frame="0" z_index="1" m_a="0.769377" m_b="0.638795" m_c="-0.638795" m_d="0.769377" m_tx="-1.000000" m_ty="-245.000000"/>
  </frame>
  <frame idx="375" w="41" h="530" x="12.214584" y="-109.253998">
   <element name="carpettiedye" layername="timeline_0" frame="0" z_index="1" m_a="0.769377" m_b="0.638795" m_c="-0.638795" m_d="0.769377" m_tx="-1.000000" m_ty="-245.000000"/>
  </frame>
  <frame idx="400" w="41" h="530" x="12.214584" y="-109.253998">
   <element name="carpettiedye" layername="timeline_0" frame="0" z_index="1" m_a="0.769377" m_b="0.638795" m_c="-0.638795" m_d="0.769377" m_tx="-1.000000" m_ty="-245.000000"/>
  </frame>
  <frame idx="425" w="41" h="530" x="12.214584" y="-109.253998">
   <element name="carpettiedye" layername="timeline_0" frame="0" z_index="1" m_a="0.769377" m_b="0.638795" m_c="-0.638795" m_d="0.769377" m_tx="-1.000000" m_ty="-245.000000"/>
  </frame>
  <frame idx="450" w="41" h="530" x="12.214584" y="-109.253998">
   <element name="carpettiedye" layername="timeline_0" frame="0" z_index="1" m_a="0.769377" m_b="0.638795" m_c="-0.638795" m_d="0.769377" m_tx="-1.000000" m_ty="-245.000000"/>
  </frame>
  <frame idx="475" w="41" h="530" x="12.214584" y="-109.253998">
   <element name="carpettiedye" layername="timeline_0" frame="0" z_index="1" m_a="0.769377" m_b="0.638795" m_c="-0.638795" m_d="0.769377" m_tx="-1.000000" m_ty="-245.000000"/>
  </frame>
  <frame idx="500" w="41" h="530" x="12.214584" y="-109.253998">
   <element name="carpettiedye" layername="timeline_0" frame="0" z_index="1" m_a="0.769377" m_b="0.638795" m_c="-0.638795" m_d="0.769377" m_tx="-1.000000" m_ty="-245.000000"/>
  </frame>
  <frame idx="525" w="41" h="530" x="12.214584" y="-109.253998">
   <element name="carpettiedye" layername="timeline_0" frame="0" z_index="1" m_a="0.769377" m_b="0.638795" m_c="-0.638795" m_d="0.769377" m_tx="-1.000000" m_ty="-245.000000"/>
  </frame>
  <frame idx="550" w="41" h="530" x="12.214584" y="-109.253998">
   <element name="carpettiedye" layername="timeline_0" frame="0" z_index="1" m_a="0.769377" m_b="0.638795" m_c="-0.638795" m_d="0.769377" m_tx="-1.000000" m_ty="-245.000000"/>
  </frame>
  <frame idx="575" w="41" h="530" x="12.214584" y="-109.253998">
   <element name="carpettiedye" layername="timeline_0" frame="0" z_index="1" m_a="0.769377" m_b="0.638795" m_c="-0.638795" m_d="0.769377" m_tx="-1.000000" m_ty="-245.000000"/>
  </frame>
  <frame idx="600" w="41" h="530" x="12.214584" y="-109.253998">
   <element name="carpettiedye" layername="timeline_0" frame="0" z_index="1" m_a="0.769377" m_b="0.638795" m_c="-0.638795" m_d="0.769377" m_tx="-1.000000" m_ty="-245.000000"/>
  </frame>
  <frame idx="625" w="41" h="530" x="12.214584" y="-109.253998">
   <element name="carpettiedye" layername="timeline_0" frame="0" z_index="1" m_a="0.769377" m_b="0.638795" m_c="-0.638795" m_d="0.769377" m_tx="-1.000000" m_ty="-245.000000"/>
  </frame>
  <frame idx="650" w="41" h="530" x="12.214584" y="-109.253998">
   <element name="carpettiedye" layername="timeline_0" frame="0" z_index="1" m_a="0.769377" m_b="0.638795" m_c="-0.638795" m_d="0.769377" m_tx="-1.000000" m_ty="-245.000000"/>
  </frame>
  <frame idx="675" w="41" h="530" x="12.214584" y="-109.253998">
   <element name="carpettiedye" layername="timeline_0" frame="0" z_index="1" m_a="0.769377" m_b="0.638795" m_c="-0.638795" m_d="0.769377" m_tx="-1.000000" m_ty="-245.000000"/>
  </frame>
  <frame idx="700" w="41" h="530" x="12.214584" y="-109.253998">
   <element name="carpettiedye" layername="timeline_0" frame="0" z_index="1" m_a="0.769377" m_b="0.638795" m_c="-0.638795" m_d="0.769377" m_tx="-1.000000" m_ty="-245.000000"/>
  </frame>
  <frame idx="725" w="41" h="530" x="12.214584" y="-109.253998">
   <element name="carpettiedye" layername="timeline_0" frame="0" z_index="1" m_a="0.769377" m_b="0.638795" m_c="-0.638795" m_d="0.769377" m_tx="-1.000000" m_ty="-245.000000"/>
  </frame>
  <frame idx="750" w="41" h="530" x="12.214584" y="-109.253998">
   <element name="carpettiedye" layername="timeline_0" frame="0" z_index="1" m_a="0.769377" m_b="0.638795" m_c="-0.638795" m_d="0.769377" m_tx="-1.000000" m_ty="-245.000000"/>
  </frame>
  <frame idx="775" w="41" h="530" x="12.214584" y="-109.253998">
   <element name="carpettiedye" layername="timeline_0" frame="0" z_index="1" m_a="0.769377" m_b="0.638795" m_c="-0.638795" m_d="0.769377" m_tx="-1.000000" m_ty="-245.000000"/>
  </frame>
  <frame idx="800" w="41" h="530" x="12.214584" y="-109.253998">
   <element name="carpettiedye" layername="timeline_0" frame="0" z_index="1" m_a="0.769377" m_b="0.638795" m_c="-0.638795" m_d="0.769377" m_tx="-1.000000" m_ty="-245.000000"/>
  </frame>
  <frame idx="825" w="41" h="530" x="12.214584" y="-109.253998">
   <element name="carpettiedye" layername="timeline_0" frame="0" z_index="1" m_a="0.769377" m_b="0.638795" m_c="-0.638795" m_d="0.769377" m_tx="-1.000000" m_ty="-245.000000"/>
  </frame>
  <frame idx="850" w="41" h="530" x="12.214584" y="-109.253998">
   <element name="carpettiedye" layername="timeline_0" frame="0" z_index="1" m_a="0.769377" m_b="0.638795" m_c="-0.638795" m_d="0.769377" m_tx="-1.000000" m_ty="-245.000000"/>
  </frame>
  <frame idx="875" w="41" h="530" x="12.214584" y="-109.253998">
   <element name="carpettiedye" layername="timeline_0" frame="0" z_index="1" m_a="0.769377" m_b="0.638795" m_c="-0.638795" m_d="0.769377" m_tx="-1.000000" m_ty="-245.000000"/>
  </frame>
  <frame idx="900" w="41" h="530" x="12.214584" y="-109.253998">
   <element name="carpettiedye" layername="timeline_0" frame="0" z_index="1" m_a="0.769377" m_b="0.638795" m_c="-0.638795" m_d="0.769377" m_tx="-1.000000" m_ty="-245.000000"/>
  </frame>
  <frame idx="925" w="41" h="530" x="12.214584" y="-109.253998">
   <element name="carpettiedye" layername="timeline_0" frame="0" z_index="1" m_a="0.769377" m_b="0.638795" m_c="-0.638795" m_d="0.769377" m_tx="-1.000000" m_ty="-245.000000"/>
  </frame>
  <frame idx="950" w="41" h="530" x="12.214584" y="-109.253998">
   <element name="carpettiedye" layername="timeline_0" frame="0" z_index="1" m_a="0.769377" m_b="0.638795" m_c="-0.638795" m_d="0.769377" m_tx="-1.000000" m_ty="-245.000000"/>
  </frame>
  <frame idx="975" w="41" h="530" x="12.214584" y="-109.253998">
   <element name="carpettiedye" layername="timeline_0" frame="0" z_index="1" m_a="0.769377" m_b="0.638795" m_c="-0.638795" m_d="0.769377" m_tx="-1.000000" m_ty="-245.000000"/>
  </frame>
 </anim>
</Anims>
