<Anims>
 <anim name="idle" root="carpetblue" numframes="1000" framerate="40">
  <frame idx="0" w="38" h="526" x="9.672348" y="-107.617630">
   <element name="carpetblue" layername="timeline_0" frame="0" z_index="1" m_a="0.763886" m_b="0.645352" m_c="-0.645352" m_d="0.763886" m_tx="-2.000000" m_ty="-244.000000"/>
  </frame>
  <frame idx="25" w="38" h="526" x="9.672348" y="-107.617630">
   <element name="carpetblue" layername="timeline_0" frame="0" z_index="1" m_a="0.763886" m_b="0.645352" m_c="-0.645352" m_d="0.763886" m_tx="-2.000000" m_ty="-244.000000"/>
  </frame>
  <frame idx="50" w="38" h="526" x="9.672348" y="-107.617630">
   <element name="carpetblue" layername="timeline_0" frame="0" z_index="1" m_a="0.763886" m_b="0.645352" m_c="-0.645352" m_d="0.763886" m_tx="-2.000000" m_ty="-244.000000"/>
  </frame>
  <frame idx="75" w="38" h="526" x="9.672348" y="-107.617630">
   <element name="carpetblue" layername="timeline_0" frame="0" z_index="1" m_a="0.763886" m_b="0.645352" m_c="-0.645352" m_d="0.763886" m_tx="-2.000000" m_ty="-244.000000"/>
  </frame>
  <frame idx="100" w="38" h="526" x="9.672348" y="-107.617630">
   <element name="carpetblue" layername="timeline_0" frame="0" z_index="1" m_a="0.763886" m_b="0.645352" m_c="-0.645352" m_d="0.763886" m_tx="-2.000000" m_ty="-244.000000"/>
  </frame>
  <frame idx="125" w="38" h="526" x="9.672348" y="-107.617630">
   <element name="carpetblue" layername="timeline_0" frame="0" z_index="1" m_a="0.763886" m_b="0.645352" m_c="-0.645352" m_d="0.763886" m_tx="-2.000000" m_ty="-244.000000"/>
  </frame>
  <frame idx="150" w="38" h="526" x="9.672348" y="-107.617630">
   <element name="carpetblue" layername="timeline_0" frame="0" z_index="1" m_a="0.763886" m_b="0.645352" m_c="-0.645352" m_d="0.763886" m_tx="-2.000000" m_ty="-244.000000"/>
  </frame>
  <frame idx="175" w="38" h="526" x="9.672348" y="-107.617630">
   <element name="carpetblue" layername="timeline_0" frame="0" z_index="1" m_a="0.763886" m_b="0.645352" m_c="-0.645352" m_d="0.763886" m_tx="-2.000000" m_ty="-244.000000"/>
  </frame>
  <frame idx="200" w="38" h="526" x="9.672348" y="-107.617630">
   <element name="carpetblue" layername="timeline_0" frame="0" z_index="1" m_a="0.763886" m_b="0.645352" m_c="-0.645352" m_d="0.763886" m_tx="-2.000000" m_ty="-244.000000"/>
  </frame>
  <frame idx="225" w="38" h="526" x="9.672348" y="-107.617630">
   <element name="carpetblue" layername="timeline_0" frame="0" z_index="1" m_a="0.763886" m_b="0.645352" m_c="-0.645352" m_d="0.763886" m_tx="-2.000000" m_ty="-244.000000"/>
  </frame>
  <frame idx="250" w="38" h="526" x="9.672348" y="-107.617630">
   <element name="carpetblue" layername="timeline_0" frame="0" z_index="1" m_a="0.763886" m_b="0.645352" m_c="-0.645352" m_d="0.763886" m_tx="-2.000000" m_ty="-244.000000"/>
  </frame>
  <frame idx="275" w="38" h="526" x="9.672348" y="-107.617630">
   <element name="carpetblue" layername="timeline_0" frame="0" z_index="1" m_a="0.763886" m_b="0.645352" m_c="-0.645352" m_d="0.763886" m_tx="-2.000000" m_ty="-244.000000"/>
  </frame>
  <frame idx="300" w="38" h="526" x="9.672348" y="-107.617630">
   <element name="carpetblue" layername="timeline_0" frame="0" z_index="1" m_a="0.763886" m_b="0.645352" m_c="-0.645352" m_d="0.763886" m_tx="-2.000000" m_ty="-244.000000"/>
  </frame>
  <frame idx="325" w="38" h="526" x="9.672348" y="-107.617630">
   <element name="carpetblue" layername="timeline_0" frame="0" z_index="1" m_a="0.763886" m_b="0.645352" m_c="-0.645352" m_d="0.763886" m_tx="-2.000000" m_ty="-244.000000"/>
  </frame>
  <frame idx="350" w="38" h="526" x="9.672348" y="-107.617630">
   <element name="carpetblue" layername="timeline_0" frame="0" z_index="1" m_a="0.763886" m_b="0.645352" m_c="-0.645352" m_d="0.763886" m_tx="-2.000000" m_ty="-244.000000"/>
  </frame>
  <frame idx="375" w="38" h="526" x="9.672348" y="-107.617630">
   <element name="carpetblue" layername="timeline_0" frame="0" z_index="1" m_a="0.763886" m_b="0.645352" m_c="-0.645352" m_d="0.763886" m_tx="-2.000000" m_ty="-244.000000"/>
  </frame>
  <frame idx="400" w="38" h="526" x="9.672348" y="-107.617630">
   <element name="carpetblue" layername="timeline_0" frame="0" z_index="1" m_a="0.763886" m_b="0.645352" m_c="-0.645352" m_d="0.763886" m_tx="-2.000000" m_ty="-244.000000"/>
  </frame>
  <frame idx="425" w="38" h="526" x="9.672348" y="-107.617630">
   <element name="carpetblue" layername="timeline_0" frame="0" z_index="1" m_a="0.763886" m_b="0.645352" m_c="-0.645352" m_d="0.763886" m_tx="-2.000000" m_ty="-244.000000"/>
  </frame>
  <frame idx="450" w="38" h="526" x="9.672348" y="-107.617630">
   <element name="carpetblue" layername="timeline_0" frame="0" z_index="1" m_a="0.763886" m_b="0.645352" m_c="-0.645352" m_d="0.763886" m_tx="-2.000000" m_ty="-244.000000"/>
  </frame>
  <frame idx="475" w="38" h="526" x="9.672348" y="-107.617630">
   <element name="carpetblue" layername="timeline_0" frame="0" z_index="1" m_a="0.763886" m_b="0.645352" m_c="-0.645352" m_d="0.763886" m_tx="-2.000000" m_ty="-244.000000"/>
  </frame>
  <frame idx="500" w="38" h="526" x="9.672348" y="-107.617630">
   <element name="carpetblue" layername="timeline_0" frame="0" z_index="1" m_a="0.763886" m_b="0.645352" m_c="-0.645352" m_d="0.763886" m_tx="-2.000000" m_ty="-244.000000"/>
  </frame>
  <frame idx="525" w="38" h="526" x="9.672348" y="-107.617630">
   <element name="carpetblue" layername="timeline_0" frame="0" z_index="1" m_a="0.763886" m_b="0.645352" m_c="-0.645352" m_d="0.763886" m_tx="-2.000000" m_ty="-244.000000"/>
  </frame>
  <frame idx="550" w="38" h="526" x="9.672348" y="-107.617630">
   <element name="carpetblue" layername="timeline_0" frame="0" z_index="1" m_a="0.763886" m_b="0.645352" m_c="-0.645352" m_d="0.763886" m_tx="-2.000000" m_ty="-244.000000"/>
  </frame>
  <frame idx="575" w="38" h="526" x="9.672348" y="-107.617630">
   <element name="carpetblue" layername="timeline_0" frame="0" z_index="1" m_a="0.763886" m_b="0.645352" m_c="-0.645352" m_d="0.763886" m_tx="-2.000000" m_ty="-244.000000"/>
  </frame>
  <frame idx="600" w="38" h="526" x="9.672348" y="-107.617630">
   <element name="carpetblue" layername="timeline_0" frame="0" z_index="1" m_a="0.763886" m_b="0.645352" m_c="-0.645352" m_d="0.763886" m_tx="-2.000000" m_ty="-244.000000"/>
  </frame>
  <frame idx="625" w="38" h="526" x="9.672348" y="-107.617630">
   <element name="carpetblue" layername="timeline_0" frame="0" z_index="1" m_a="0.763886" m_b="0.645352" m_c="-0.645352" m_d="0.763886" m_tx="-2.000000" m_ty="-244.000000"/>
  </frame>
  <frame idx="650" w="38" h="526" x="9.672348" y="-107.617630">
   <element name="carpetblue" layername="timeline_0" frame="0" z_index="1" m_a="0.763886" m_b="0.645352" m_c="-0.645352" m_d="0.763886" m_tx="-2.000000" m_ty="-244.000000"/>
  </frame>
  <frame idx="675" w="38" h="526" x="9.672348" y="-107.617630">
   <element name="carpetblue" layername="timeline_0" frame="0" z_index="1" m_a="0.763886" m_b="0.645352" m_c="-0.645352" m_d="0.763886" m_tx="-2.000000" m_ty="-244.000000"/>
  </frame>
  <frame idx="700" w="38" h="526" x="9.672348" y="-107.617630">
   <element name="carpetblue" layername="timeline_0" frame="0" z_index="1" m_a="0.763886" m_b="0.645352" m_c="-0.645352" m_d="0.763886" m_tx="-2.000000" m_ty="-244.000000"/>
  </frame>
  <frame idx="725" w="38" h="526" x="9.672348" y="-107.617630">
   <element name="carpetblue" layername="timeline_0" frame="0" z_index="1" m_a="0.763886" m_b="0.645352" m_c="-0.645352" m_d="0.763886" m_tx="-2.000000" m_ty="-244.000000"/>
  </frame>
  <frame idx="750" w="38" h="526" x="9.672348" y="-107.617630">
   <element name="carpetblue" layername="timeline_0" frame="0" z_index="1" m_a="0.763886" m_b="0.645352" m_c="-0.645352" m_d="0.763886" m_tx="-2.000000" m_ty="-244.000000"/>
  </frame>
  <frame idx="775" w="38" h="526" x="9.672348" y="-107.617630">
   <element name="carpetblue" layername="timeline_0" frame="0" z_index="1" m_a="0.763886" m_b="0.645352" m_c="-0.645352" m_d="0.763886" m_tx="-2.000000" m_ty="-244.000000"/>
  </frame>
  <frame idx="800" w="38" h="526" x="9.672348" y="-107.617630">
   <element name="carpetblue" layername="timeline_0" frame="0" z_index="1" m_a="0.763886" m_b="0.645352" m_c="-0.645352" m_d="0.763886" m_tx="-2.000000" m_ty="-244.000000"/>
  </frame>
  <frame idx="825" w="38" h="526" x="9.672348" y="-107.617630">
   <element name="carpetblue" layername="timeline_0" frame="0" z_index="1" m_a="0.763886" m_b="0.645352" m_c="-0.645352" m_d="0.763886" m_tx="-2.000000" m_ty="-244.000000"/>
  </frame>
  <frame idx="850" w="38" h="526" x="9.672348" y="-107.617630">
   <element name="carpetblue" layername="timeline_0" frame="0" z_index="1" m_a="0.763886" m_b="0.645352" m_c="-0.645352" m_d="0.763886" m_tx="-2.000000" m_ty="-244.000000"/>
  </frame>
  <frame idx="875" w="38" h="526" x="9.672348" y="-107.617630">
   <element name="carpetblue" layername="timeline_0" frame="0" z_index="1" m_a="0.763886" m_b="0.645352" m_c="-0.645352" m_d="0.763886" m_tx="-2.000000" m_ty="-244.000000"/>
  </frame>
  <frame idx="900" w="38" h="526" x="9.672348" y="-107.617630">
   <element name="carpetblue" layername="timeline_0" frame="0" z_index="1" m_a="0.763886" m_b="0.645352" m_c="-0.645352" m_d="0.763886" m_tx="-2.000000" m_ty="-244.000000"/>
  </frame>
  <frame idx="925" w="38" h="526" x="9.672348" y="-107.617630">
   <element name="carpetblue" layername="timeline_0" frame="0" z_index="1" m_a="0.763886" m_b="0.645352" m_c="-0.645352" m_d="0.763886" m_tx="-2.000000" m_ty="-244.000000"/>
  </frame>
  <frame idx="950" w="38" h="526" x="9.672348" y="-107.617630">
   <element name="carpetblue" layername="timeline_0" frame="0" z_index="1" m_a="0.763886" m_b="0.645352" m_c="-0.645352" m_d="0.763886" m_tx="-2.000000" m_ty="-244.000000"/>
  </frame>
  <frame idx="975" w="38" h="526" x="9.672348" y="-107.617630">
   <element name="carpetblue" layername="timeline_0" frame="0" z_index="1" m_a="0.763886" m_b="0.645352" m_c="-0.645352" m_d="0.763886" m_tx="-2.000000" m_ty="-244.000000"/>
  </frame>
 </anim>
</Anims>
