<Anims>
 <anim name="idle" root="woodcherry" numframes="1000" framerate="40">
  <frame idx="0" w="215" h="308" x="-18.654905" y="-102.145828">
   <element name="woodcherry" layername="timeline_0" frame="0" z_index="1" m_a="0.699997" m_b="0.001989" m_c="-0.001989" m_d="0.699997" m_tx="-90.000000" m_ty="-166.000000"/>
  </frame>
  <frame idx="25" w="215" h="308" x="-18.654905" y="-102.145828">
   <element name="woodcherry" layername="timeline_0" frame="0" z_index="1" m_a="0.699997" m_b="0.001989" m_c="-0.001989" m_d="0.699997" m_tx="-90.000000" m_ty="-166.000000"/>
  </frame>
  <frame idx="50" w="215" h="308" x="-18.654905" y="-102.145828">
   <element name="woodcherry" layername="timeline_0" frame="0" z_index="1" m_a="0.699997" m_b="0.001989" m_c="-0.001989" m_d="0.699997" m_tx="-90.000000" m_ty="-166.000000"/>
  </frame>
  <frame idx="75" w="215" h="308" x="-18.654905" y="-102.145828">
   <element name="woodcherry" layername="timeline_0" frame="0" z_index="1" m_a="0.699997" m_b="0.001989" m_c="-0.001989" m_d="0.699997" m_tx="-90.000000" m_ty="-166.000000"/>
  </frame>
  <frame idx="100" w="215" h="308" x="-18.654905" y="-102.145828">
   <element name="woodcherry" layername="timeline_0" frame="0" z_index="1" m_a="0.699997" m_b="0.001989" m_c="-0.001989" m_d="0.699997" m_tx="-90.000000" m_ty="-166.000000"/>
  </frame>
  <frame idx="125" w="215" h="308" x="-18.654905" y="-102.145828">
   <element name="woodcherry" layername="timeline_0" frame="0" z_index="1" m_a="0.699997" m_b="0.001989" m_c="-0.001989" m_d="0.699997" m_tx="-90.000000" m_ty="-166.000000"/>
  </frame>
  <frame idx="150" w="215" h="308" x="-18.654905" y="-102.145828">
   <element name="woodcherry" layername="timeline_0" frame="0" z_index="1" m_a="0.699997" m_b="0.001989" m_c="-0.001989" m_d="0.699997" m_tx="-90.000000" m_ty="-166.000000"/>
  </frame>
  <frame idx="175" w="215" h="308" x="-18.654905" y="-102.145828">
   <element name="woodcherry" layername="timeline_0" frame="0" z_index="1" m_a="0.699997" m_b="0.001989" m_c="-0.001989" m_d="0.699997" m_tx="-90.000000" m_ty="-166.000000"/>
  </frame>
  <frame idx="200" w="215" h="308" x="-18.654905" y="-102.145828">
   <element name="woodcherry" layername="timeline_0" frame="0" z_index="1" m_a="0.699997" m_b="0.001989" m_c="-0.001989" m_d="0.699997" m_tx="-90.000000" m_ty="-166.000000"/>
  </frame>
  <frame idx="225" w="215" h="308" x="-18.654905" y="-102.145828">
   <element name="woodcherry" layername="timeline_0" frame="0" z_index="1" m_a="0.699997" m_b="0.001989" m_c="-0.001989" m_d="0.699997" m_tx="-90.000000" m_ty="-166.000000"/>
  </frame>
  <frame idx="250" w="215" h="308" x="-18.654905" y="-102.145828">
   <element name="woodcherry" layername="timeline_0" frame="0" z_index="1" m_a="0.699997" m_b="0.001989" m_c="-0.001989" m_d="0.699997" m_tx="-90.000000" m_ty="-166.000000"/>
  </frame>
  <frame idx="275" w="215" h="308" x="-18.654905" y="-102.145828">
   <element name="woodcherry" layername="timeline_0" frame="0" z_index="1" m_a="0.699997" m_b="0.001989" m_c="-0.001989" m_d="0.699997" m_tx="-90.000000" m_ty="-166.000000"/>
  </frame>
  <frame idx="300" w="215" h="308" x="-18.654905" y="-102.145828">
   <element name="woodcherry" layername="timeline_0" frame="0" z_index="1" m_a="0.699997" m_b="0.001989" m_c="-0.001989" m_d="0.699997" m_tx="-90.000000" m_ty="-166.000000"/>
  </frame>
  <frame idx="325" w="215" h="308" x="-18.654905" y="-102.145828">
   <element name="woodcherry" layername="timeline_0" frame="0" z_index="1" m_a="0.699997" m_b="0.001989" m_c="-0.001989" m_d="0.699997" m_tx="-90.000000" m_ty="-166.000000"/>
  </frame>
  <frame idx="350" w="215" h="308" x="-18.654905" y="-102.145828">
   <element name="woodcherry" layername="timeline_0" frame="0" z_index="1" m_a="0.699997" m_b="0.001989" m_c="-0.001989" m_d="0.699997" m_tx="-90.000000" m_ty="-166.000000"/>
  </frame>
  <frame idx="375" w="215" h="308" x="-18.654905" y="-102.145828">
   <element name="woodcherry" layername="timeline_0" frame="0" z_index="1" m_a="0.699997" m_b="0.001989" m_c="-0.001989" m_d="0.699997" m_tx="-90.000000" m_ty="-166.000000"/>
  </frame>
  <frame idx="400" w="215" h="308" x="-18.654905" y="-102.145828">
   <element name="woodcherry" layername="timeline_0" frame="0" z_index="1" m_a="0.699997" m_b="0.001989" m_c="-0.001989" m_d="0.699997" m_tx="-90.000000" m_ty="-166.000000"/>
  </frame>
  <frame idx="425" w="215" h="308" x="-18.654905" y="-102.145828">
   <element name="woodcherry" layername="timeline_0" frame="0" z_index="1" m_a="0.699997" m_b="0.001989" m_c="-0.001989" m_d="0.699997" m_tx="-90.000000" m_ty="-166.000000"/>
  </frame>
  <frame idx="450" w="215" h="308" x="-18.654905" y="-102.145828">
   <element name="woodcherry" layername="timeline_0" frame="0" z_index="1" m_a="0.699997" m_b="0.001989" m_c="-0.001989" m_d="0.699997" m_tx="-90.000000" m_ty="-166.000000"/>
  </frame>
  <frame idx="475" w="215" h="308" x="-18.654905" y="-102.145828">
   <element name="woodcherry" layername="timeline_0" frame="0" z_index="1" m_a="0.699997" m_b="0.001989" m_c="-0.001989" m_d="0.699997" m_tx="-90.000000" m_ty="-166.000000"/>
  </frame>
  <frame idx="500" w="215" h="308" x="-18.654905" y="-102.145828">
   <element name="woodcherry" layername="timeline_0" frame="0" z_index="1" m_a="0.699997" m_b="0.001989" m_c="-0.001989" m_d="0.699997" m_tx="-90.000000" m_ty="-166.000000"/>
  </frame>
  <frame idx="525" w="215" h="308" x="-18.654905" y="-102.145828">
   <element name="woodcherry" layername="timeline_0" frame="0" z_index="1" m_a="0.699997" m_b="0.001989" m_c="-0.001989" m_d="0.699997" m_tx="-90.000000" m_ty="-166.000000"/>
  </frame>
  <frame idx="550" w="215" h="308" x="-18.654905" y="-102.145828">
   <element name="woodcherry" layername="timeline_0" frame="0" z_index="1" m_a="0.699997" m_b="0.001989" m_c="-0.001989" m_d="0.699997" m_tx="-90.000000" m_ty="-166.000000"/>
  </frame>
  <frame idx="575" w="215" h="308" x="-18.654905" y="-102.145828">
   <element name="woodcherry" layername="timeline_0" frame="0" z_index="1" m_a="0.699997" m_b="0.001989" m_c="-0.001989" m_d="0.699997" m_tx="-90.000000" m_ty="-166.000000"/>
  </frame>
  <frame idx="600" w="215" h="308" x="-18.654905" y="-102.145828">
   <element name="woodcherry" layername="timeline_0" frame="0" z_index="1" m_a="0.699997" m_b="0.001989" m_c="-0.001989" m_d="0.699997" m_tx="-90.000000" m_ty="-166.000000"/>
  </frame>
  <frame idx="625" w="215" h="308" x="-18.654905" y="-102.145828">
   <element name="woodcherry" layername="timeline_0" frame="0" z_index="1" m_a="0.699997" m_b="0.001989" m_c="-0.001989" m_d="0.699997" m_tx="-90.000000" m_ty="-166.000000"/>
  </frame>
  <frame idx="650" w="215" h="308" x="-18.654905" y="-102.145828">
   <element name="woodcherry" layername="timeline_0" frame="0" z_index="1" m_a="0.699997" m_b="0.001989" m_c="-0.001989" m_d="0.699997" m_tx="-90.000000" m_ty="-166.000000"/>
  </frame>
  <frame idx="675" w="215" h="308" x="-18.654905" y="-102.145828">
   <element name="woodcherry" layername="timeline_0" frame="0" z_index="1" m_a="0.699997" m_b="0.001989" m_c="-0.001989" m_d="0.699997" m_tx="-90.000000" m_ty="-166.000000"/>
  </frame>
  <frame idx="700" w="215" h="308" x="-18.654905" y="-102.145828">
   <element name="woodcherry" layername="timeline_0" frame="0" z_index="1" m_a="0.699997" m_b="0.001989" m_c="-0.001989" m_d="0.699997" m_tx="-90.000000" m_ty="-166.000000"/>
  </frame>
  <frame idx="725" w="215" h="308" x="-18.654905" y="-102.145828">
   <element name="woodcherry" layername="timeline_0" frame="0" z_index="1" m_a="0.699997" m_b="0.001989" m_c="-0.001989" m_d="0.699997" m_tx="-90.000000" m_ty="-166.000000"/>
  </frame>
  <frame idx="750" w="215" h="308" x="-18.654905" y="-102.145828">
   <element name="woodcherry" layername="timeline_0" frame="0" z_index="1" m_a="0.699997" m_b="0.001989" m_c="-0.001989" m_d="0.699997" m_tx="-90.000000" m_ty="-166.000000"/>
  </frame>
  <frame idx="775" w="215" h="308" x="-18.654905" y="-102.145828">
   <element name="woodcherry" layername="timeline_0" frame="0" z_index="1" m_a="0.699997" m_b="0.001989" m_c="-0.001989" m_d="0.699997" m_tx="-90.000000" m_ty="-166.000000"/>
  </frame>
  <frame idx="800" w="215" h="308" x="-18.654905" y="-102.145828">
   <element name="woodcherry" layername="timeline_0" frame="0" z_index="1" m_a="0.699997" m_b="0.001989" m_c="-0.001989" m_d="0.699997" m_tx="-90.000000" m_ty="-166.000000"/>
  </frame>
  <frame idx="825" w="215" h="308" x="-18.654905" y="-102.145828">
   <element name="woodcherry" layername="timeline_0" frame="0" z_index="1" m_a="0.699997" m_b="0.001989" m_c="-0.001989" m_d="0.699997" m_tx="-90.000000" m_ty="-166.000000"/>
  </frame>
  <frame idx="850" w="215" h="308" x="-18.654905" y="-102.145828">
   <element name="woodcherry" layername="timeline_0" frame="0" z_index="1" m_a="0.699997" m_b="0.001989" m_c="-0.001989" m_d="0.699997" m_tx="-90.000000" m_ty="-166.000000"/>
  </frame>
  <frame idx="875" w="215" h="308" x="-18.654905" y="-102.145828">
   <element name="woodcherry" layername="timeline_0" frame="0" z_index="1" m_a="0.699997" m_b="0.001989" m_c="-0.001989" m_d="0.699997" m_tx="-90.000000" m_ty="-166.000000"/>
  </frame>
  <frame idx="900" w="215" h="308" x="-18.654905" y="-102.145828">
   <element name="woodcherry" layername="timeline_0" frame="0" z_index="1" m_a="0.699997" m_b="0.001989" m_c="-0.001989" m_d="0.699997" m_tx="-90.000000" m_ty="-166.000000"/>
  </frame>
  <frame idx="925" w="215" h="308" x="-18.654905" y="-102.145828">
   <element name="woodcherry" layername="timeline_0" frame="0" z_index="1" m_a="0.699997" m_b="0.001989" m_c="-0.001989" m_d="0.699997" m_tx="-90.000000" m_ty="-166.000000"/>
  </frame>
  <frame idx="950" w="215" h="308" x="-18.654905" y="-102.145828">
   <element name="woodcherry" layername="timeline_0" frame="0" z_index="1" m_a="0.699997" m_b="0.001989" m_c="-0.001989" m_d="0.699997" m_tx="-90.000000" m_ty="-166.000000"/>
  </frame>
  <frame idx="975" w="215" h="308" x="-18.654905" y="-102.145828">
   <element name="woodcherry" layername="timeline_0" frame="0" z_index="1" m_a="0.699997" m_b="0.001989" m_c="-0.001989" m_d="0.699997" m_tx="-90.000000" m_ty="-166.000000"/>
  </frame>
 </anim>
</Anims>
